session_id,user_id,region,user_segment,device,variant,peak_hour,rainy_weather,basket_size,trip_distance_km,order_subtotal,delivery_fee,variable_cost,checkout_started,converted_order,cancelled_order,net_completed_order,gross_revenue,contribution_margin
PRC-00001,USR-0001,north,price_sensitive,ios,treatment,1,1,1,1.83,19.09,3.62,2.5,1,0,0,0,3.44,3.44
PRC-00002,USR-0002,south,casual,android,treatment,1,0,2,2.4,25.02,4.7,2.53,1,1,0,1,9.2,6.67
PRC-00003,USR-0003,east,power_user,web,treatment,0,0,3,3.34,24.89,4.08,2.53,1,1,0,1,8.56,6.03
PRC-00004,USR-0004,west,price_sensitive,ios,treatment,0,0,4,3.91,30.53,3.87,2.81,1,0,0,0,5.5,5.5
PRC-00005,USR-0005,north,casual,android,control,0,0,5,5.85,31.14,4.35,3.39,1,1,0,1,9.96,6.57
PRC-00006,USR-0006,south,power_user,web,treatment,0,0,1,6.47,35.61,4.71,2.92,1,1,0,1,11.12,8.2
PRC-00007,USR-0007,east,price_sensitive,ios,control,1,0,2,7.3,38.33,5.51,3.61,1,0,0,0,6.9,6.9
PRC-00008,USR-0008,west,casual,android,treatment,1,0,3,1.55,41.77,4.37,2.49,1,1,1,0,7.52,7.52
PRC-00009,USR-0009,north,power_user,web,control,0,1,4,2.63,42.55,4.04,2.78,1,1,0,1,11.7,8.92
PRC-00010,USR-0010,south,price_sensitive,ios,control,0,0,5,4.22,46.03,4.33,3.03,1,0,0,0,8.29,8.29
PRC-00011,USR-0011,east,casual,android,control,0,0,1,4.1,50.55,4.07,2.4,1,0,0,0,9.1,9.1
PRC-00012,USR-0012,west,power_user,web,treatment,0,0,2,5.52,20.95,4.64,2.86,1,0,0,0,3.77,3.77
PRC-00013,USR-0013,north,price_sensitive,ios,control,1,0,3,5.88,22.01,4.94,3.44,1,1,0,1,8.9,5.46
PRC-00014,USR-0014,south,casual,android,treatment,1,0,4,7.09,25.9,5.52,3.86,1,0,0,0,4.66,4.66
PRC-00015,USR-0015,east,power_user,web,control,0,0,5,1.8,28.63,3.82,2.5,1,1,0,1,8.97,6.47
PRC-00016,USR-0016,west,price_sensitive,ios,treatment,0,0,1,2.56,32.0,3.8,2.06,1,1,0,1,9.56,7.5
PRC-00017,USR-0017,north,casual,android,control,0,1,2,3.85,33.88,4.4,2.75,1,1,1,0,6.1,6.1
PRC-00018,USR-0018,south,power_user,web,control,0,0,3,4.53,39.89,4.68,2.8,1,0,0,0,7.18,7.18
PRC-00019,USR-0019,east,price_sensitive,ios,control,1,0,4,5.52,41.82,5.12,3.51,1,1,0,1,12.65,9.14
PRC-00020,USR-0020,west,casual,android,control,1,0,5,6.04,43.72,5.59,3.78,1,0,0,0,7.87,7.87
PRC-00021,USR-0021,north,power_user,web,control,0,0,1,6.51,46.85,4.98,2.93,1,0,0,0,8.43,8.43
PRC-00022,USR-0022,south,price_sensitive,ios,control,0,0,2,2.23,50.24,3.53,2.14,1,0,0,0,9.04,9.04
PRC-00023,USR-0023,east,casual,android,treatment,0,0,3,2.94,21.73,3.42,2.45,1,1,1,0,3.91,3.91
PRC-00024,USR-0024,west,power_user,web,treatment,0,0,4,4.1,24.98,3.9,2.85,1,1,0,1,8.4,5.55
PRC-00025,USR-0025,north,price_sensitive,ios,treatment,1,1,5,4.48,25.1,3.96,3.69,1,0,0,0,4.52,4.52
PRC-00026,USR-0026,south,casual,android,treatment,1,0,1,5.27,28.15,5.33,3.01,1,1,0,1,10.4,7.39
PRC-00027,USR-0027,east,power_user,web,control,0,0,2,6.15,31.34,4.75,3.0,1,1,0,1,10.39,7.39
PRC-00028,USR-0028,west,price_sensitive,ios,treatment,0,0,3,6.83,35.77,4.14,3.3,1,1,0,1,10.58,7.28
PRC-00029,USR-0029,north,casual,android,control,0,0,4,1.78,38.46,3.51,2.34,1,1,0,1,10.43,8.09
PRC-00030,USR-0030,south,power_user,web,control,0,0,5,3.33,42.47,3.65,2.83,1,1,0,1,11.29,8.46
PRC-00031,USR-0031,east,price_sensitive,ios,control,1,0,1,4.22,42.66,4.91,2.78,1,1,0,1,12.59,9.81
PRC-00032,USR-0032,west,casual,android,treatment,1,0,2,4.02,45.77,5.0,2.88,1,1,0,1,13.24,10.36
PRC-00033,USR-0033,north,power_user,web,treatment,0,1,3,5.88,50.36,4.04,3.34,1,1,0,1,13.1,9.76
PRC-00034,USR-0034,south,price_sensitive,ios,treatment,0,0,4,5.73,19.87,3.88,3.21,1,1,0,1,7.46,4.25
PRC-00035,USR-0035,east,casual,android,control,0,0,5,6.83,25.13,4.99,3.6,1,0,0,0,4.52,4.52
PRC-00036,USR-0036,west,power_user,web,control,0,0,1,2.5,28.3,4.31,2.05,1,0,0,0,5.09,5.09
PRC-00037,USR-0037,north,price_sensitive,ios,treatment,1,0,2,2.88,28.28,3.8,2.63,1,1,1,0,5.09,5.09
PRC-00038,USR-0038,south,casual,android,control,1,0,3,3.42,34.05,4.96,2.9,1,1,0,1,11.09,8.19
PRC-00039,USR-0039,east,power_user,web,treatment,0,0,4,4.57,36.98,4.36,2.96,1,1,0,1,11.02,8.06
PRC-00040,USR-0040,west,price_sensitive,ios,treatment,0,0,5,5.35,38.43,4.08,3.28,1,1,0,1,11.0,7.72
PRC-00041,USR-0041,north,casual,android,treatment,0,1,1,5.69,42.28,4.78,3.0,1,1,0,1,12.39,9.39
PRC-00042,USR-0042,south,power_user,web,treatment,0,0,2,6.58,44.56,4.18,3.1,1,0,0,0,8.02,8.02
PRC-00043,USR-0043,east,price_sensitive,ios,control,1,0,3,2.24,47.18,4.42,2.64,1,0,0,0,8.49,8.49
PRC-00044,USR-0044,west,casual,android,treatment,1,0,4,2.55,51.27,4.99,2.86,1,1,0,1,14.22,11.36
PRC-00045,USR-0045,north,power_user,web,treatment,0,0,5,3.48,20.05,4.19,2.87,1,1,0,1,7.8,4.93
PRC-00046,USR-0046,south,price_sensitive,ios,treatment,0,0,1,3.99,25.39,3.35,2.38,1,1,0,1,7.92,5.54
PRC-00047,USR-0047,east,casual,android,treatment,0,0,2,5.14,27.88,3.96,2.78,1,0,0,0,5.02,5.02
PRC-00048,USR-0048,west,power_user,web,treatment,0,0,3,6.68,29.84,4.68,3.27,1,1,0,1,10.05,6.78
PRC-00049,USR-0049,north,price_sensitive,ios,control,1,1,4,7.43,32.92,5.1,4.18,1,1,0,1,11.03,6.85
PRC-00050,USR-0050,south,casual,android,treatment,1,0,5,2.23,34.45,4.94,2.94,1,1,0,1,11.14,8.2
PRC-00051,USR-0051,east,power_user,web,control,0,0,1,3.39,38.11,4.36,2.25,1,1,0,1,11.22,8.97
PRC-00052,USR-0052,west,price_sensitive,ios,control,0,0,2,4.03,39.31,4.29,2.54,1,1,0,1,11.37,8.83
PRC-00053,USR-0053,north,casual,android,treatment,0,0,3,3.91,43.7,3.66,2.66,1,0,0,0,7.87,7.87
PRC-00054,USR-0054,south,power_user,web,treatment,0,0,4,5.7,47.01,4.44,3.2,1,1,0,1,12.9,9.7
PRC-00055,USR-0055,east,price_sensitive,ios,control,1,0,5,6.46,51.15,5.58,3.87,1,0,0,0,9.21,9.21
PRC-00056,USR-0056,west,casual,android,control,1,0,1,6.42,19.87,5.5,3.26,1,0,0,0,3.58,3.58
PRC-00057,USR-0057,north,power_user,web,control,0,1,2,1.69,24.07,4.13,2.27,1,0,0,0,4.33,4.33
PRC-00058,USR-0058,south,price_sensitive,ios,treatment,0,0,3,3.36,27.64,3.07,2.54,1,0,0,0,4.98,4.98
PRC-00059,USR-0059,east,casual,android,control,0,0,4,4.06,30.96,4.5,2.84,1,0,0,0,5.57,5.57
PRC-00060,USR-0060,west,power_user,web,control,0,0,5,4.03,33.36,4.5,2.99,1,0,0,0,6.0,6.0
PRC-00061,USR-0061,north,price_sensitive,ios,control,1,0,1,5.25,36.36,4.86,3.0,1,0,0,0,6.54,6.54
PRC-00062,USR-0062,south,casual,android,control,1,0,2,5.73,36.48,4.97,3.26,1,0,0,0,6.57,6.57
PRC-00063,USR-0063,east,power_user,web,treatment,0,0,3,7.07,40.28,4.52,3.36,1,0,0,0,7.25,7.25
PRC-00064,USR-0064,west,price_sensitive,ios,treatment,0,0,4,1.64,45.49,3.61,2.31,1,1,0,1,11.8,9.49
PRC-00065,USR-0065,north,casual,android,control,0,1,5,2.82,45.48,4.15,2.97,1,1,0,1,12.34,9.37
PRC-00066,USR-0066,south,power_user,web,treatment,0,0,1,3.79,49.35,3.8,2.33,1,0,0,0,8.88,8.88
PRC-00067,USR-0067,east,price_sensitive,ios,control,1,0,2,4.55,22.24,5.11,3.0,1,0,0,0,4.0,4.0
PRC-00068,USR-0068,west,casual,android,treatment,1,0,3,4.78,23.17,5.35,3.2,1,1,0,1,9.52,6.32
PRC-00069,USR-0069,north,power_user,web,treatment,0,0,4,5.86,27.32,4.22,3.24,1,1,0,1,9.14,5.9
PRC-00070,USR-0070,south,price_sensitive,ios,control,0,0,5,6.8,28.15,5.06,3.6,1,0,0,0,5.07,5.07
PRC-00071,USR-0071,east,casual,android,treatment,0,0,1,1.86,32.75,3.72,1.91,1,1,0,1,9.62,7.71
PRC-00072,USR-0072,west,power_user,web,control,0,0,2,3.09,35.53,3.96,2.33,1,1,0,1,10.36,8.03
PRC-00073,USR-0073,north,price_sensitive,ios,control,1,1,3,4.06,39.55,4.52,3.29,1,1,0,1,11.64,8.35
PRC-00074,USR-0074,south,casual,android,treatment,1,0,4,4.88,40.47,5.44,3.37,1,0,0,0,7.28,7.28
PRC-00075,USR-0075,east,power_user,web,control,0,0,5,4.73,42.9,4.06,3.14,1,1,0,1,11.78,8.64
PRC-00076,USR-0076,west,price_sensitive,ios,control,0,0,1,6.26,46.55,4.29,2.88,1,0,0,0,8.38,8.38
PRC-00077,USR-0077,north,casual,android,control,0,0,2,7.09,48.85,4.27,3.21,1,0,0,0,8.79,8.79
PRC-00078,USR-0078,south,power_user,web,treatment,0,0,3,2.01,19.37,3.41,2.24,1,0,0,0,3.49,3.49
PRC-00079,USR-0079,east,price_sensitive,ios,treatment,1,0,4,2.6,22.08,4.32,2.87,1,1,0,1,8.29,5.42
PRC-00080,USR-0080,west,casual,android,treatment,1,0,5,3.81,28.26,5.43,3.29,1,0,0,0,5.09,5.09
PRC-00081,USR-0081,north,power_user,web,treatment,0,1,1,4.51,30.22,4.45,2.74,1,1,0,1,9.89,7.15
PRC-00082,USR-0082,south,price_sensitive,ios,treatment,0,0,2,5.01,32.26,3.56,2.75,1,0,0,0,5.81,5.81
PRC-00083,USR-0083,east,casual,android,treatment,0,0,3,6.25,35.32,4.26,3.17,1,1,0,1,10.62,7.45
PRC-00084,USR-0084,west,power_user,web,control,0,0,4,6.95,37.52,4.37,3.48,1,1,0,1,11.12,7.64
PRC-00085,USR-0085,north,price_sensitive,ios,treatment,1,0,5,1.99,39.52,3.94,2.89,1,1,0,1,11.05,8.16
PRC-00086,USR-0086,south,casual,android,control,1,0,1,3.0,45.37,4.81,2.51,1,0,0,0,8.17,8.17
PRC-00087,USR-0087,east,power_user,web,treatment,0,0,2,3.11,46.43,3.77,2.33,1,0,0,0,8.36,8.36
PRC-00088,USR-0088,west,price_sensitive,ios,treatment,0,0,3,4.4,51.34,3.9,2.77,1,0,0,0,9.24,9.24
PRC-00089,USR-0089,north,casual,android,treatment,0,1,4,4.96,19.77,4.18,3.29,1,1,0,1,7.74,4.45
PRC-00090,USR-0090,south,power_user,web,treatment,0,0,5,5.7,23.32,4.34,3.35,1,1,0,1,8.54,5.19
PRC-00091,USR-0091,east,price_sensitive,ios,control,1,0,1,6.98,26.18,4.92,3.39,1,0,0,0,4.71,4.71
PRC-00092,USR-0092,west,casual,android,control,1,0,2,1.56,29.32,4.26,2.34,1,1,0,1,9.54,7.2
PRC-00093,USR-0093,north,power_user,web,treatment,0,0,3,3.2,31.93,4.21,2.5,1,1,0,1,9.96,7.46
PRC-00094,USR-0094,south,price_sensitive,ios,control,0,0,4,4.3,35.39,4.08,2.9,1,0,0,0,6.37,6.37
PRC-00095,USR-0095,east,casual,android,treatment,0,0,5,4.81,38.68,4.61,3.16,1,1,1,0,6.96,6.96
PRC-00096,USR-0096,west,power_user,web,control,0,0,1,5.5,39.74,4.49,2.71,1,1,0,1,11.64,8.93
PRC-00097,USR-0097,north,price_sensitive,ios,treatment,1,1,2,6.23,42.79,4.88,3.62,1,1,0,1,12.58,8.96
PRC-00098,USR-0098,south,casual,android,treatment,1,0,3,6.33,45.48,5.31,3.54,1,0,0,0,8.19,8.19
PRC-00099,USR-0099,east,power_user,web,treatment,0,0,4,2.36,49.39,3.38,2.47,1,0,0,0,8.89,8.89
PRC-00100,USR-0100,west,price_sensitive,ios,treatment,0,0,5,3.23,19.36,3.79,2.81,1,0,0,0,3.48,3.48
PRC-00101,USR-0101,north,casual,android,control,0,0,1,4.04,25.34,4.03,2.39,1,1,0,1,8.59,6.2
PRC-00102,USR-0102,south,power_user,web,treatment,0,0,2,4.92,25.99,4.52,2.73,1,1,0,1,9.2,6.47
PRC-00103,USR-0103,east,price_sensitive,ios,treatment,1,0,3,5.55,30.6,4.48,3.37,1,0,0,0,5.51,5.51
PRC-00104,USR-0104,west,casual,android,treatment,1,0,4,6.47,31.55,5.54,3.72,1,1,0,1,11.22,7.5
PRC-00105,USR-0105,north,power_user,web,treatment,0,1,5,7.32,34.44,4.96,3.96,1,1,0,1,11.16,7.2
PRC-00106,USR-0106,south,price_sensitive,ios,control,0,0,1,2.23,38.03,3.73,1.99,1,1,0,1,10.58,8.59
PRC-00107,USR-0107,east,casual,android,control,0,0,2,3.26,40.04,3.88,2.37,1,0,0,0,7.21,7.21
PRC-00108,USR-0108,west,power_user,web,treatment,0,0,3,3.11,43.17,4.3,2.48,1,1,0,1,12.07,9.59
PRC-00109,USR-0109,north,price_sensitive,ios,control,1,0,4,4.73,47.75,5.07,3.34,1,0,0,0,8.59,8.59
PRC-00110,USR-0110,south,casual,android,treatment,1,0,5,4.97,48.33,5.41,3.54,1,1,0,1,14.11,10.57
PRC-00111,USR-0111,east,power_user,web,control,0,0,1,6.01,20.86,4.74,2.82,1,1,0,1,8.49,5.67
PRC-00112,USR-0112,west,price_sensitive,ios,control,0,0,2,6.44,22.78,4.32,3.07,1,1,0,1,8.42,5.35
PRC-00113,USR-0113,north,casual,android,treatment,0,1,3,1.76,25.45,3.64,2.44,1,0,0,0,4.58,4.58
PRC-00114,USR-0114,south,power_user,web,treatment,0,0,4,2.64,29.54,3.46,2.53,1,1,0,1,8.78,6.25
PRC-00115,USR-0115,east,price_sensitive,ios,control,1,0,5,3.74,30.65,4.56,3.27,1,0,0,0,5.52,5.52
PRC-00116,USR-0116,west,casual,android,treatment,1,0,1,4.05,35.94,5.4,2.74,1,1,0,1,11.87,9.13
PRC-00117,USR-0117,north,power_user,web,treatment,0,0,2,5.23,38.04,4.0,2.8,1,1,0,1,10.85,8.05
PRC-00118,USR-0118,south,price_sensitive,ios,control,0,0,3,5.98,42.18,4.13,3.12,1,0,0,0,7.59,7.59
PRC-00119,USR-0119,east,casual,android,control,0,0,4,6.98,42.72,4.52,3.49,1,0,0,0,7.69,7.69
PRC-00120,USR-0120,west,power_user,web,control,0,0,5,2.23,47.78,4.1,2.59,1,1,0,1,12.7,10.11
PRC-00121,USR-0121,north,price_sensitive,ios,control,1,1,1,3.33,49.55,5.13,2.83,1,1,0,1,14.05,11.22
PRC-00122,USR-0122,south,casual,android,treatment,1,0,2,4.24,21.59,4.84,2.93,1,1,0,1,8.73,5.8
PRC-00123,USR-0123,east,power_user,web,control,0,0,3,3.99,22.51,3.71,2.68,1,1,0,1,7.76,5.08
PRC-00124,USR-0124,west,price_sensitive,ios,control,0,0,4,5.55,25.61,4.62,3.17,1,1,0,1,9.23,6.06
PRC-00125,USR-0125,north,casual,android,treatment,0,0,5,6.25,30.46,4.61,3.48,1,0,0,0,5.48,5.48
PRC-00126,USR-0126,south,power_user,web,control,0,0,1,7.08,32.51,5.08,3.06,1,0,0,0,5.85,5.85
PRC-00127,USR-0127,east,price_sensitive,ios,control,1,0,2,1.87,34.08,4.65,2.41,1,0,0,0,6.13,6.13
PRC-00128,USR-0128,west,casual,android,control,1,0,3,3.13,36.84,4.83,2.84,1,0,0,0,6.63,6.63
PRC-00129,USR-0129,north,power_user,web,treatment,0,1,4,3.2,41.03,3.5,2.9,1,1,0,1,10.89,7.99
PRC-00130,USR-0130,south,price_sensitive,ios,control,0,0,5,5.05,42.52,4.65,3.21,1,0,0,0,7.65,7.65
PRC-00131,USR-0131,east,casual,android,treatment,0,0,1,5.51,48.6,4.12,2.71,1,1,0,1,12.87,10.16
PRC-00132,USR-0132,west,power_user,web,control,0,0,2,6.6,50.28,4.34,3.1,1,1,0,1,13.39,10.29
PRC-00133,USR-0133,north,price_sensitive,ios,control,1,0,3,6.72,19.32,5.15,3.63,1,0,0,0,3.48,3.48
PRC-00134,USR-0134,south,casual,android,treatment,1,0,4,2.33,23.05,4.57,2.81,1,0,0,0,4.15,4.15
PRC-00135,USR-0135,east,power_user,web,treatment,0,0,5,2.85,26.73,3.69,2.73,1,1,0,1,8.5,5.77
PRC-00136,USR-0136,west,price_sensitive,ios,control,0,0,1,4.29,29.5,4.35,2.44,1,0,0,0,5.31,5.31
PRC-00137,USR-0137,north,casual,android,control,0,1,2,4.33,31.26,4.45,2.85,1,0,0,0,5.63,5.63
PRC-00138,USR-0138,south,power_user,web,treatment,0,0,3,5.36,34.21,4.69,2.98,1,1,0,1,10.85,7.87
PRC-00139,USR-0139,east,price_sensitive,ios,control,1,0,4,6.23,39.81,4.98,3.67,1,1,0,1,12.15,8.48
PRC-00140,USR-0140,west,casual,android,treatment,1,0,5,7.49,39.63,6.06,4.1,1,1,0,1,13.19,9.09
PRC-00141,USR-0141,north,power_user,web,treatment,0,0,1,2.36,43.94,3.77,2.02,1,1,0,1,11.68,9.66
PRC-00142,USR-0142,south,price_sensitive,ios,treatment,0,0,2,2.96,45.95,3.32,2.3,1,0,0,0,8.27,8.27
PRC-00143,USR-0143,east,casual,android,treatment,0,0,3,4.14,51.08,3.88,2.71,1,0,0,0,9.19,9.19
PRC-00144,USR-0144,west,power_user,web,control,0,0,4,4.51,22.27,4.54,2.94,1,1,0,1,8.55,5.61
PRC-00145,USR-0145,north,price_sensitive,ios,treatment,1,1,5,5.29,25.4,4.18,3.86,1,0,0,0,4.57,4.57
PRC-00146,USR-0146,south,casual,android,control,1,0,1,6.15,26.73,5.16,3.2,1,1,0,1,9.97,6.77
PRC-00147,USR-0147,east,power_user,web,treatment,0,0,2,6.58,29.7,4.77,3.1,1,1,0,1,10.12,7.02
PRC-00148,USR-0148,west,price_sensitive,ios,treatment,0,0,3,1.96,33.44,3.39,2.23,1,0,0,0,6.02,6.02
PRC-00149,USR-0149,north,casual,android,treatment,0,0,4,2.34,35.23,3.76,2.46,1,1,0,1,10.1,7.64
PRC-00150,USR-0150,south,power_user,web,treatment,0,0,5,3.73,37.94,3.97,2.92,1,0,0,0,6.83,6.83
PRC-00151,USR-0151,east,price_sensitive,ios,control,1,0,1,4.09,41.59,4.8,2.75,1,0,0,0,7.49,7.49
PRC-00152,USR-0152,west,casual,android,control,1,0,2,5.48,44.62,5.39,3.21,1,0,0,0,8.03,8.03
PRC-00153,USR-0153,north,power_user,web,treatment,0,1,3,5.88,46.43,4.6,3.34,1,0,0,0,8.36,8.36
PRC-00154,USR-0154,south,price_sensitive,ios,treatment,0,0,4,6.38,48.13,4.16,3.35,1,0,0,0,8.66,8.66
PRC-00155,USR-0155,east,casual,android,treatment,0,0,5,2.02,21.61,3.34,2.54,1,0,0,0,3.89,3.89
PRC-00156,USR-0156,west,power_user,web,treatment,0,0,1,3.13,23.45,4.27,2.19,1,1,0,1,8.49,6.3
PRC-00157,USR-0157,north,price_sensitive,ios,control,1,0,2,3.27,26.11,4.71,2.72,1,0,0,0,4.7,4.7
PRC-00158,USR-0158,south,casual,android,treatment,1,0,3,3.99,28.29,5.39,3.03,1,0,0,0,5.09,5.09
PRC-00159,USR-0159,east,power_user,web,control,0,0,4,4.87,33.79,4.28,3.02,1,1,0,1,10.36,7.34
PRC-00160,USR-0160,west,price_sensitive,ios,control,0,0,5,6.58,36.32,4.78,3.55,1,1,0,1,11.32,7.77
PRC-00161,USR-0161,north,casual,android,control,0,1,1,7.07,38.46,4.64,3.31,1,1,0,1,11.56,8.25
PRC-00162,USR-0162,south,power_user,web,control,0,0,2,2.08,40.65,3.58,2.11,1,1,0,1,10.9,8.79
PRC-00163,USR-0163,east,price_sensitive,ios,treatment,1,0,3,3.47,43.23,4.31,2.91,1,1,0,1,12.09,9.18
PRC-00164,USR-0164,west,casual,android,treatment,1,0,4,3.16,47.71,5.0,3.0,1,1,0,1,13.59,10.59
PRC-00165,USR-0165,north,power_user,web,control,0,0,5,4.63,50.8,4.14,3.12,1,1,0,1,13.28,10.16
PRC-00166,USR-0166,south,price_sensitive,ios,treatment,0,0,1,5.49,21.52,4.18,2.71,1,0,0,0,3.87,3.87
PRC-00167,USR-0167,east,casual,android,treatment,0,0,2,5.87,24.16,4.34,2.94,1,0,0,0,4.35,4.35
PRC-00168,USR-0168,west,power_user,web,treatment,0,0,3,6.65,25.12,4.76,3.26,1,1,0,1,9.28,6.02
PRC-00169,USR-0169,north,price_sensitive,ios,treatment,1,1,4,2.14,31.1,4.3,3.02,1,0,0,0,5.6,5.6
PRC-00170,USR-0170,south,casual,android,control,1,0,5,2.88,33.49,4.88,3.08,1,0,0,0,6.03,6.03
PRC-00171,USR-0171,east,power_user,web,control,0,0,1,4.26,33.9,3.88,2.44,1,0,0,0,6.1,6.1
PRC-00172,USR-0172,west,price_sensitive,ios,treatment,0,0,2,5.08,38.93,4.22,2.77,1,0,0,0,7.01,7.01
PRC-00173,USR-0173,north,casual,android,control,0,0,3,4.72,42.07,4.32,2.84,1,1,0,1,11.89,9.05
PRC-00174,USR-0174,south,power_user,web,treatment,0,0,4,6.49,44.25,4.9,3.38,1,1,0,1,12.87,9.49
PRC-00175,USR-0175,east,price_sensitive,ios,control,1,0,5,6.97,48.19,5.72,3.98,1,1,1,0,8.67,8.67
PRC-00176,USR-0176,west,casual,android,treatment,1,0,1,1.86,51.18,4.59,2.26,1,1,0,1,13.8,11.54
PRC-00177,USR-0177,north,power_user,web,control,0,1,2,2.42,20.72,4.22,2.43,1,1,0,1,7.95,5.52
PRC-00178,USR-0178,south,price_sensitive,ios,treatment,0,0,3,4.24,24.5,3.58,2.73,1,0,0,0,4.41,4.41
PRC-00179,USR-0179,east,casual,android,control,0,0,4,4.02,26.25,4.15,2.83,1,1,0,1,8.88,6.05
PRC-00180,USR-0180,west,power_user,web,control,0,0,5,5.23,29.0,4.79,3.25,1,0,0,0,5.22,5.22
PRC-00181,USR-0181,north,price_sensitive,ios,control,1,0,1,6.15,33.0,5.63,3.2,1,1,0,1,11.57,8.37
PRC-00182,USR-0182,south,casual,android,control,1,0,2,7.32,33.93,5.37,3.61,1,0,0,0,6.11,6.11
PRC-00183,USR-0183,east,power_user,web,treatment,0,0,3,1.53,38.49,3.87,2.14,1,1,0,1,10.8,8.66
PRC-00184,USR-0184,west,price_sensitive,ios,treatment,0,0,4,3.22,39.54,3.21,2.66,1,1,0,1,10.33,7.67
PRC-00185,USR-0185,north,casual,android,control,0,1,5,4.18,42.72,3.74,3.27,1,0,0,0,7.69,7.69
PRC-00186,USR-0186,south,power_user,web,control,0,0,1,4.2,45.55,3.9,2.42,1,0,0,0,8.2,8.2
PRC-00187,USR-0187,east,price_sensitive,ios,control,1,0,2,5.65,48.05,4.87,3.24,1,1,0,1,13.52,10.28
PRC-00188,USR-0188,west,casual,android,control,1,0,3,6.13,21.6,5.41,3.5,1,1,0,1,9.3,5.8
PRC-00189,USR-0189,north,power_user,web,treatment,0,0,4,6.9,22.28,4.98,3.47,1,1,0,1,8.99,5.52
PRC-00190,USR-0190,south,price_sensitive,ios,treatment,0,0,5,2.05,26.63,3.68,2.55,1,1,0,1,8.47,5.92
PRC-00191,USR-0191,east,casual,android,control,0,0,1,2.89,30.1,4.33,2.14,1,1,0,1,9.75,7.61
PRC-00192,USR-0192,west,power_user,web,treatment,0,0,2,3.43,30.83,4.08,2.4,1,1,0,1,9.63,7.23
PRC-00193,USR-0193,north,price_sensitive,ios,treatment,1,1,3,4.44,35.36,4.43,3.38,1,1,0,1,10.79,7.41
PRC-00194,USR-0194,south,casual,android,treatment,1,0,4,5.62,38.68,5.55,3.54,1,1,0,1,12.51,8.97
PRC-00195,USR-0195,east,power_user,web,control,0,0,5,6.04,40.49,4.45,3.43,1,1,0,1,11.74,8.31
PRC-00196,USR-0196,west,price_sensitive,ios,treatment,0,0,1,6.48,43.51,4.44,2.93,1,1,0,1,12.27,9.34
PRC-00197,USR-0197,north,casual,android,control,0,0,2,2.39,45.44,4.15,2.18,1,1,0,1,12.33,10.15
PRC-00198,USR-0198,south,power_user,web,treatment,0,0,3,2.45,49.15,3.65,2.34,1,0,0,0,8.85,8.85
PRC-00199,USR-0199,east,price_sensitive,ios,treatment,1,0,4,3.97,22.04,4.68,3.17,1,0,0,0,3.97,3.97
PRC-00200,USR-0200,west,casual,android,control,1,0,5,4.16,23.92,4.98,3.37,1,1,0,1,9.29,5.92
PRC-00201,USR-0201,north,power_user,web,treatment,0,1,1,5.62,26.09,4.42,2.99,1,0,0,0,4.7,4.7
PRC-00202,USR-0202,south,price_sensitive,ios,treatment,0,0,2,6.48,31.11,4.16,3.08,1,0,0,0,5.6,5.6
PRC-00203,USR-0203,east,casual,android,control,0,0,3,7.3,33.85,4.54,3.41,1,1,0,1,10.63,7.22
PRC-00204,USR-0204,west,power_user,web,control,0,0,4,1.51,34.69,4.04,2.28,1,1,0,1,10.28,8.0
PRC-00205,USR-0205,north,price_sensitive,ios,control,1,0,5,2.34,38.62,4.73,2.96,1,1,0,1,11.68,8.72
PRC-00206,USR-0206,south,casual,android,control,1,0,1,3.97,40.6,5.05,2.72,1,0,0,0,7.31,7.31
PRC-00207,USR-0207,east,power_user,web,control,0,0,2,4.09,42.38,4.28,2.55,1,0,0,0,7.63,7.63
PRC-00208,USR-0208,west,price_sensitive,ios,control,0,0,3,5.28,47.42,4.34,2.96,1,1,0,1,12.88,9.92
PRC-00209,USR-0209,north,casual,android,control,0,1,4,5.84,49.5,4.65,3.48,1,1,0,1,13.56,10.08
PRC-00210,USR-0210,south,power_user,web,control,0,0,5,7.02,20.38,4.26,3.64,1,1,0,1,7.93,4.29
PRC-00211,USR-0211,east,price_sensitive,ios,control,1,0,1,1.89,22.79,3.99,2.27,1,0,0,0,4.1,4.1
PRC-00212,USR-0212,west,casual,android,control,1,0,2,3.14,26.13,4.66,2.69,1,0,0,0,4.7,4.7
PRC-00213,USR-0213,north,power_user,web,treatment,0,0,3,4.13,27.95,3.67,2.71,1,1,0,1,8.7,5.99
PRC-00214,USR-0214,south,price_sensitive,ios,treatment,0,0,4,4.59,32.62,3.9,2.96,1,1,0,1,9.77,6.81
PRC-00215,USR-0215,east,casual,android,control,0,0,5,5.66,34.64,4.57,3.35,1,0,0,0,6.24,6.24
PRC-00216,USR-0216,west,power_user,web,treatment,0,0,1,6.51,36.71,4.28,2.93,1,1,0,1,10.89,7.96
PRC-00217,USR-0217,north,price_sensitive,ios,control,1,1,2,6.71,40.39,5.15,3.73,1,1,0,1,12.42,8.69
PRC-00218,USR-0218,south,casual,android,control,1,0,3,2.59,43.98,4.42,2.72,1,0,0,0,7.92,7.92
PRC-00219,USR-0219,east,power_user,web,treatment,0,0,4,2.58,47.95,3.49,2.52,1,1,0,1,12.12,9.6
PRC-00220,USR-0220,west,price_sensitive,ios,treatment,0,0,5,3.31,50.29,3.73,2.83,1,1,0,1,12.78,9.95
PRC-00221,USR-0221,north,casual,android,treatment,0,0,1,5.01,20.57,4.3,2.6,1,0,0,0,3.7,3.7
PRC-00222,USR-0222,south,power_user,web,treatment,0,0,2,5.45,24.92,4.01,2.85,1,1,0,1,8.5,5.65
PRC-00223,USR-0223,east,price_sensitive,ios,control,1,0,3,5.57,25.76,5.1,3.38,1,1,0,1,9.74,6.36
PRC-00224,USR-0224,west,casual,android,control,1,0,4,6.39,30.61,5.57,3.71,1,0,0,0,5.51,5.51
PRC-00225,USR-0225,north,power_user,web,treatment,0,1,5,2.06,32.37,3.76,2.8,1,0,0,0,5.83,5.83
PRC-00226,USR-0226,south,price_sensitive,ios,treatment,0,0,1,3.27,35.07,3.62,2.22,1,1,0,1,9.93,7.71
PRC-00227,USR-0227,east,casual,android,control,0,0,2,3.22,36.62,4.38,2.36,1,1,0,1,10.97,8.61
PRC-00228,USR-0228,west,power_user,web,treatment,0,0,3,4.2,39.9,4.04,2.72,1,1,0,1,11.22,8.5
PRC-00229,USR-0229,north,price_sensitive,ios,control,1,0,4,5.04,43.5,4.92,3.41,1,1,0,1,12.75,9.34
PRC-00230,USR-0230,south,casual,android,treatment,1,0,5,5.58,47.37,4.98,3.68,1,0,0,0,8.53,8.53
PRC-00231,USR-0231,east,power_user,web,control,0,0,1,7.09,50.53,5.08,3.06,1,0,0,0,9.1,9.1
PRC-00232,USR-0232,west,price_sensitive,ios,control,0,0,2,1.67,21.04,3.61,2.02,1,0,0,0,3.79,3.79
PRC-00233,USR-0233,north,casual,android,treatment,0,1,3,3.01,23.27,4.28,2.71,1,1,0,1,8.47,5.76
PRC-00234,USR-0234,south,power_user,web,treatment,0,0,4,3.9,27.65,4.34,2.81,1,0,0,0,4.98,4.98
PRC-00235,USR-0235,east,price_sensitive,ios,treatment,1,0,5,4.68,29.54,4.31,3.48,1,1,0,1,9.63,6.15
PRC-00236,USR-0236,west,casual,android,control,1,0,1,5.84,31.35,5.13,3.13,1,1,0,1,10.77,7.64
PRC-00237,USR-0237,north,power_user,web,control,0,0,2,5.62,36.46,4.7,2.89,1,0,0,0,6.56,6.56
PRC-00238,USR-0238,south,price_sensitive,ios,treatment,0,0,3,6.7,36.53,4.34,3.27,1,1,0,1,10.92,7.65
PRC-00239,USR-0239,east,casual,android,control,0,0,4,2.43,42.21,4.16,2.48,1,1,0,1,11.76,9.28
PRC-00240,USR-0240,west,power_user,web,control,0,0,5,2.59,44.57,3.86,2.67,1,1,0,1,11.88,9.21
PRC-00241,USR-0241,north,price_sensitive,ios,control,1,1,1,3.47,46.97,4.99,2.86,1,1,0,1,13.44,10.58
PRC-00242,USR-0242,south,casual,android,control,1,0,2,5.08,51.31,4.97,3.12,1,1,0,1,14.21,11.09
PRC-00243,USR-0243,east,power_user,web,treatment,0,0,3,5.68,22.38,4.63,3.05,1,1,0,1,8.66,5.61
PRC-00244,USR-0244,west,price_sensitive,ios,treatment,0,0,4,6.17,24.96,3.64,3.31,1,0,0,0,4.49,4.49
PRC-00245,USR-0245,north,casual,android,treatment,0,0,5,7.22,25.8,4.44,3.69,1,0,0,0,4.64,4.64
PRC-00246,USR-0246,south,power_user,web,control,0,0,1,2.64,29.23,3.67,2.08,1,1,0,1,8.93,6.85
PRC-00247,USR-0247,east,price_sensitive,ios,control,1,0,2,2.9,30.79,4.37,2.64,1,0,0,0,5.54,5.54
PRC-00248,USR-0248,west,casual,android,control,1,0,3,4.22,33.6,5.15,3.08,1,0,0,0,6.05,6.05
PRC-00249,USR-0249,north,power_user,web,treatment,0,1,4,4.24,36.88,4.4,3.13,1,0,0,0,6.64,6.64
PRC-00250,USR-0250,south,price_sensitive,ios,control,0,0,5,5.24,41.77,3.94,3.25,1,1,0,1,11.46,8.21
PRC-00251,USR-0251,east,casual,android,treatment,0,0,1,6.37,44.12,4.51,2.9,1,1,0,1,12.45,9.55
PRC-00252,USR-0252,west,power_user,web,control,0,0,2,6.8,45.27,4.93,3.15,1,1,0,1,13.08,9.93
PRC-00253,USR-0253,north,price_sensitive,ios,treatment,1,0,3,1.52,50.09,3.83,2.48,1,1,0,1,12.85,10.37
PRC-00254,USR-0254,south,casual,android,control,1,0,4,2.59,21.15,4.48,2.87,1,0,0,0,3.81,3.81
PRC-00255,USR-0255,east,power_user,web,control,0,0,5,3.18,25.31,4.04,2.8,1,1,0,1,8.6,5.8
PRC-00256,USR-0256,west,price_sensitive,ios,treatment,0,0,1,4.46,26.17,3.81,2.48,1,0,0,0,4.71,4.71
PRC-00257,USR-0257,north,casual,android,control,0,1,2,5.65,27.76,4.32,3.14,1,0,0,0,5.0,5.0
PRC-00258,USR-0258,south,power_user,web,treatment,0,0,3,6.38,33.3,4.34,3.2,1,1,0,1,10.33,7.13
PRC-00259,USR-0259,east,price_sensitive,ios,treatment,1,0,4,7.23,34.11,4.81,3.89,1,0,0,0,6.14,6.14
PRC-00260,USR-0260,west,casual,android,treatment,1,0,5,1.58,39.24,4.87,2.8,1,1,0,1,11.93,9.13
PRC-00261,USR-0261,north,power_user,web,control,0,0,1,2.35,40.0,4.25,2.02,1,1,0,1,11.45,9.43
PRC-00262,USR-0262,south,price_sensitive,ios,treatment,0,0,2,4.0,43.09,3.33,2.53,1,1,0,1,11.09,8.56
PRC-00263,USR-0263,east,casual,android,treatment,0,0,3,4.05,46.26,3.95,2.69,1,0,0,0,8.33,8.33
PRC-00264,USR-0264,west,power_user,web,treatment,0,0,4,5.16,51.13,4.7,3.09,1,1,0,1,13.9,10.81
PRC-00265,USR-0265,north,price_sensitive,ios,treatment,1,1,5,6.46,20.82,4.91,4.12,1,1,0,1,8.66,4.54
PRC-00266,USR-0266,south,casual,android,treatment,1,0,1,6.69,23.81,5.17,3.32,1,0,0,0,4.29,4.29
PRC-00267,USR-0267,east,power_user,web,control,0,0,2,2.01,26.91,3.97,2.09,1,1,1,0,4.84,4.84
PRC-00268,USR-0268,west,price_sensitive,ios,treatment,0,0,3,3.5,28.93,3.32,2.57,1,0,0,0,5.21,5.21
PRC-00269,USR-0269,north,casual,android,treatment,0,0,4,3.87,30.86,3.91,2.8,1,0,0,0,5.55,5.55
PRC-00270,USR-0270,south,power_user,web,treatment,0,0,5,4.07,36.83,4.17,3.0,1,0,0,0,6.63,6.63
PRC-00271,USR-0271,east,price_sensitive,ios,control,1,0,1,5.63,36.64,4.98,3.09,1,1,0,1,11.58,8.49
PRC-00272,USR-0272,west,casual,android,treatment,1,0,2,6.64,41.68,5.42,3.46,1,0,0,0,7.5,7.5
PRC-00273,USR-0273,north,power_user,web,treatment,0,1,3,6.78,44.05,4.7,3.54,1,1,0,1,12.63,9.09
PRC-00274,USR-0274,south,price_sensitive,ios,treatment,0,0,4,1.96,46.85,3.3,2.38,1,1,0,1,11.73,9.35
PRC-00275,USR-0275,east,casual,android,control,0,0,5,2.64,51.49,4.29,2.68,1,1,0,1,13.56,10.88
PRC-00276,USR-0276,west,power_user,web,treatment,0,0,1,4.18,20.58,4.04,2.42,1,1,0,1,7.74,5.32
PRC-00277,USR-0277,north,price_sensitive,ios,treatment,1,0,2,4.32,23.02,3.93,2.95,1,0,0,0,4.14,4.14
PRC-00278,USR-0278,south,casual,android,treatment,1,0,3,5.55,27.78,5.72,3.37,1,0,0,0,5.0,5.0
PRC-00279,USR-0279,east,power_user,web,treatment,0,0,4,5.65,29.48,4.09,3.19,1,1,0,1,9.4,6.21
PRC-00280,USR-0280,west,price_sensitive,ios,control,0,0,5,6.74,32.54,4.93,3.58,1,0,0,0,5.86,5.86
PRC-00281,USR-0281,north,casual,android,treatment,0,1,1,1.87,33.8,4.13,2.16,1,0,0,0,6.08,6.08
PRC-00282,USR-0282,south,power_user,web,treatment,0,0,2,3.29,39.09,3.55,2.37,1,0,0,0,7.04,7.04
PRC-00283,USR-0283,east,price_sensitive,ios,treatment,1,0,3,3.92,40.87,4.11,3.01,1,0,0,0,7.36,7.36
PRC-00284,USR-0284,west,casual,android,treatment,1,0,4,4.12,44.44,5.5,3.21,1,1,0,1,13.5,10.29
PRC-00285,USR-0285,north,power_user,web,control,0,0,5,4.88,45.53,4.02,3.17,1,1,0,1,12.22,9.05
PRC-00286,USR-0286,south,price_sensitive,ios,control,0,0,1,6.57,51.29,4.93,2.95,1,1,0,1,14.16,11.21
PRC-00287,USR-0287,east,casual,android,treatment,0,0,2,6.66,19.44,4.57,3.12,1,1,0,1,8.07,4.95
PRC-00288,USR-0288,west,power_user,web,treatment,0,0,3,2.29,22.44,3.95,2.3,1,1,0,1,7.99,5.69
PRC-00289,USR-0289,north,price_sensitive,ios,treatment,1,1,4,2.33,27.69,3.55,3.06,1,0,0,0,4.98,4.98
PRC-00290,USR-0290,south,casual,android,treatment,1,0,5,4.02,29.98,4.99,3.33,1,0,0,0,5.4,5.4
PRC-00291,USR-0291,east,power_user,web,control,0,0,1,4.25,32.8,4.62,2.44,1,1,0,1,10.52,8.08
PRC-00292,USR-0292,west,price_sensitive,ios,treatment,0,0,2,4.79,34.54,3.36,2.7,1,1,0,1,9.58,6.88
PRC-00293,USR-0293,north,casual,android,control,0,0,3,5.88,38.52,4.69,3.09,1,0,0,0,6.93,6.93
PRC-00294,USR-0294,south,power_user,web,treatment,0,0,4,6.46,42.71,4.39,3.37,1,1,0,1,12.08,8.71
PRC-00295,USR-0295,east,price_sensitive,ios,control,1,0,5,1.8,43.14,4.05,2.85,1,1,0,1,11.82,8.97
PRC-00296,USR-0296,west,casual,android,treatment,1,0,1,3.34,45.97,4.63,2.58,1,1,0,1,12.9,10.32
PRC-00297,USR-0297,north,power_user,web,control,0,1,2,3.7,50.67,4.12,2.71,1,1,0,1,13.24,10.53
PRC-00298,USR-0298,south,price_sensitive,ios,control,0,0,3,4.51,22.31,4.67,2.79,1,1,0,1,8.69,5.9
PRC-00299,USR-0299,east,casual,android,control,0,0,4,5.76,23.63,4.62,3.22,1,1,0,1,8.87,5.65
PRC-00300,USR-0300,west,power_user,web,treatment,0,0,5,6.56,26.31,4.73,3.54,1,0,0,0,4.74,4.74
PRC-00301,USR-0301,north,price_sensitive,ios,control,1,0,1,6.98,29.1,5.07,3.39,1,0,0,0,5.24,5.24
PRC-00302,USR-0302,south,casual,android,control,1,0,2,2.42,32.36,4.33,2.53,1,0,0,0,5.82,5.82
PRC-00303,USR-0303,east,power_user,web,treatment,0,0,3,3.47,33.92,3.87,2.56,1,0,0,0,6.11,6.11
PRC-00304,USR-0304,west,price_sensitive,ios,control,0,0,4,4.01,39.69,3.89,2.83,1,1,0,1,11.03,8.2
PRC-00305,USR-0305,north,casual,android,control,0,1,5,4.3,39.78,4.19,3.3,1,1,0,1,11.35,8.05
PRC-00306,USR-0306,south,power_user,web,treatment,0,0,1,5.44,43.35,4.02,2.7,1,0,0,0,7.8,7.8
PRC-00307,USR-0307,east,price_sensitive,ios,treatment,1,0,2,5.9,46.15,4.9,3.3,1,0,0,0,8.31,8.31
PRC-00308,USR-0308,west,casual,android,treatment,1,0,3,7.28,49.05,5.53,3.75,1,0,0,0,8.83,8.83
PRC-00309,USR-0309,north,power_user,web,treatment,0,0,4,2.46,21.04,3.99,2.49,1,0,0,0,3.79,3.79
PRC-00310,USR-0310,south,price_sensitive,ios,control,0,0,5,3.46,23.56,4.32,2.86,1,0,0,0,4.24,4.24
PRC-00311,USR-0311,east,casual,android,treatment,0,0,1,3.8,27.32,3.73,2.34,1,0,0,0,4.92,4.92
PRC-00312,USR-0312,west,power_user,web,treatment,0,0,2,4.08,30.64,4.24,2.55,1,1,0,1,9.76,7.21
PRC-00313,USR-0313,north,price_sensitive,ios,control,1,1,3,5.08,30.67,4.69,3.52,1,0,0,0,5.52,5.52
PRC-00314,USR-0314,south,casual,android,control,1,0,4,6.6,36.21,5.61,3.75,1,0,0,0,6.52,6.52
PRC-00315,USR-0315,east,power_user,web,control,0,0,5,6.55,36.88,4.46,3.54,1,0,0,0,6.64,6.64
PRC-00316,USR-0316,west,price_sensitive,ios,treatment,0,0,1,1.71,40.4,3.57,1.88,1,1,0,1,10.84,8.96
PRC-00317,USR-0317,north,casual,android,treatment,0,0,2,3.07,44.72,4.07,2.33,1,0,0,0,8.05,8.05
PRC-00318,USR-0318,south,power_user,web,control,0,0,3,3.77,45.96,3.87,2.63,1,0,0,0,8.27,8.27
PRC-00319,USR-0319,east,price_sensitive,ios,control,1,0,4,4.15,49.01,5.02,3.21,1,1,0,1,13.84,10.63
PRC-00320,USR-0320,west,casual,android,treatment,1,0,5,5.03,21.78,4.91,3.56,1,0,0,0,3.92,3.92
PRC-00321,USR-0321,north,power_user,web,control,0,1,1,6.48,25.33,5.02,3.18,1,0,0,0,4.56,4.56
PRC-00322,USR-0322,south,price_sensitive,ios,control,0,0,2,7.16,25.81,4.59,3.23,1,1,0,1,9.24,6.01
PRC-00323,USR-0323,east,casual,android,control,0,0,3,2.15,28.41,4.22,2.27,1,0,0,0,5.11,5.11
PRC-00324,USR-0324,west,power_user,web,control,0,0,4,3.0,32.75,3.75,2.61,1,0,0,0,5.89,5.89
PRC-00325,USR-0325,north,price_sensitive,ios,treatment,1,0,5,3.16,35.73,4.03,3.15,1,0,0,0,6.43,6.43
PRC-00326,USR-0326,south,casual,android,control,1,0,1,3.91,39.1,4.84,2.71,1,0,0,0,7.04,7.04
PRC-00327,USR-0327,east,power_user,web,control,0,0,2,5.75,42.57,4.45,2.92,1,1,0,1,12.11,9.19
PRC-00328,USR-0328,west,price_sensitive,ios,control,0,0,3,6.59,44.46,4.26,3.25,1,0,0,0,8.0,8.0
PRC-00329,USR-0329,north,casual,android,treatment,0,1,4,7.42,47.63,5.05,3.83,1,1,0,1,13.62,9.79
PRC-00330,USR-0330,south,power_user,web,control,0,0,5,2.7,51.22,3.83,2.69,1,1,0,1,13.05,10.36
PRC-00331,USR-0331,east,price_sensitive,ios,treatment,1,0,1,3.35,22.24,3.7,2.59,1,0,0,0,4.0,4.0
PRC-00332,USR-0332,west,casual,android,control,1,0,2,3.44,25.34,5.15,2.76,1,1,0,1,9.71,6.95
PRC-00333,USR-0333,north,power_user,web,treatment,0,0,3,4.46,27.78,3.87,2.78,1,1,0,1,8.87,6.09
PRC-00334,USR-0334,south,price_sensitive,ios,control,0,0,4,4.92,28.6,4.54,3.03,1,0,0,0,5.15,5.15
PRC-00335,USR-0335,east,casual,android,treatment,0,0,5,5.71,33.25,4.69,3.36,1,0,0,0,5.98,5.98
PRC-00336,USR-0336,west,power_user,web,treatment,0,0,1,6.4,35.3,4.64,2.91,1,1,0,1,10.99,8.08
PRC-00337,USR-0337,north,price_sensitive,ios,control,1,1,2,1.81,37.27,4.18,2.65,1,0,0,0,6.71,6.71
PRC-00338,USR-0338,south,casual,android,treatment,1,0,3,3.17,40.36,4.47,2.85,1,0,0,0,7.26,7.26
PRC-00339,USR-0339,east,power_user,web,treatment,0,0,4,3.24,42.42,3.75,2.66,1,1,0,1,11.39,8.73
PRC-00340,USR-0340,west,price_sensitive,ios,treatment,0,0,5,4.27,47.56,3.31,3.04,1,0,0,0,8.56,8.56
PRC-00341,USR-0341,north,casual,android,control,0,0,1,4.96,50.15,4.0,2.59,1,1,0,1,13.03,10.44
PRC-00342,USR-0342,south,power_user,web,treatment,0,0,2,6.16,20.46,4.42,3.01,1,1,0,1,8.1,5.09
PRC-00343,USR-0343,east,price_sensitive,ios,control,1,0,3,7.21,22.77,5.72,3.74,1,1,0,1,9.82,6.08
PRC-00344,USR-0344,west,casual,android,treatment,1,0,4,2.18,25.07,4.34,2.78,1,1,0,1,8.85,6.07
PRC-00345,USR-0345,north,power_user,web,treatment,0,1,5,2.69,28.22,3.84,2.94,1,1,0,1,8.92,5.98
PRC-00346,USR-0346,south,price_sensitive,ios,treatment,0,0,1,3.71,30.92,3.84,2.32,1,1,0,1,9.41,7.09
PRC-00347,USR-0347,east,casual,android,control,0,0,2,4.45,33.7,4.52,2.63,1,0,0,0,6.07,6.07
PRC-00348,USR-0348,west,power_user,web,control,0,0,3,5.59,39.26,4.52,3.03,1,1,0,1,11.59,8.56
PRC-00349,USR-0349,north,price_sensitive,ios,control,1,0,4,6.62,42.78,4.89,3.76,1,0,0,0,7.7,7.7
PRC-00350,USR-0350,south,casual,android,control,1,0,5,7.22,43.63,5.63,4.04,1,0,0,0,7.85,7.85
PRC-00351,USR-0351,east,power_user,web,treatment,0,0,1,2.69,46.57,3.72,2.09,1,0,0,0,8.38,8.38
PRC-00352,USR-0352,west,price_sensitive,ios,treatment,0,0,2,3.12,49.31,3.6,2.34,1,0,0,0,8.88,8.88
PRC-00353,USR-0353,north,casual,android,treatment,0,1,3,3.31,20.22,3.97,2.78,1,1,0,1,7.61,4.83
PRC-00354,USR-0354,south,power_user,web,control,0,0,4,3.93,21.91,3.97,2.81,1,0,0,0,3.94,3.94
PRC-00355,USR-0355,east,price_sensitive,ios,treatment,1,0,5,5.69,26.66,4.34,3.7,1,1,0,1,9.14,5.44
PRC-00356,USR-0356,west,casual,android,treatment,1,0,1,5.64,30.24,5.63,3.09,1,1,0,1,11.07,7.98
PRC-00357,USR-0357,north,power_user,web,treatment,0,0,2,6.55,30.65,4.16,3.09,1,1,0,1,9.68,6.59
PRC-00358,USR-0358,south,price_sensitive,ios,treatment,0,0,3,2.39,33.67,3.23,2.33,1,1,0,1,9.29,6.96
PRC-00359,USR-0359,east,casual,android,treatment,0,0,4,2.9,36.6,3.67,2.59,1,0,0,0,6.59,6.59
PRC-00360,USR-0360,west,power_user,web,treatment,0,0,5,3.82,40.42,4.18,2.94,1,1,0,1,11.46,8.52
PRC-00361,USR-0361,north,price_sensitive,ios,control,1,1,1,4.17,44.51,4.66,3.02,1,1,0,1,12.67,9.65
PRC-00362,USR-0362,south,casual,android,treatment,1,0,2,5.45,48.29,5.26,3.2,1,1,0,1,13.95,10.75
PRC-00363,USR-0363,east,power_user,web,treatment,0,0,3,6.44,50.35,4.34,3.22,1,1,0,1,13.4,10.18
PRC-00364,USR-0364,west,price_sensitive,ios,control,0,0,4,6.87,21.64,4.99,3.46,1,1,0,1,8.89,5.43
PRC-00365,USR-0365,north,casual,android,treatment,0,0,5,2.17,25.1,4.15,2.58,1,1,0,1,8.67,6.09
PRC-00366,USR-0366,south,power_user,web,control,0,0,1,3.08,25.51,4.37,2.18,1,0,0,0,4.59,4.59
PRC-00367,USR-0367,east,price_sensitive,ios,control,1,0,2,3.33,30.24,4.48,2.73,1,0,0,0,5.44,5.44
PRC-00368,USR-0368,west,casual,android,treatment,1,0,3,4.13,33.66,5.32,3.06,1,0,0,0,6.06,6.06
PRC-00369,USR-0369,north,power_user,web,treatment,0,1,4,5.74,35.18,4.22,3.46,1,0,0,0,6.33,6.33
PRC-00370,USR-0370,south,price_sensitive,ios,control,0,0,5,6.65,39.68,4.29,3.56,1,0,0,0,7.14,7.14
PRC-00371,USR-0371,east,casual,android,control,0,0,1,7.03,40.15,4.44,3.05,1,0,0,0,7.23,7.23
PRC-00372,USR-0372,west,power_user,web,treatment,0,0,2,1.96,44.91,3.72,2.08,1,1,0,1,11.8,9.72
PRC-00373,USR-0373,north,price_sensitive,ios,treatment,1,0,3,2.42,46.84,4.41,2.68,1,1,0,1,12.84,10.16
PRC-00374,USR-0374,south,casual,android,treatment,1,0,4,3.6,49.3,5.04,3.09,1,1,0,1,13.91,10.82
PRC-00375,USR-0375,east,power_user,web,control,0,0,5,4.59,22.27,4.19,3.11,1,1,0,1,8.2,5.09
PRC-00376,USR-0376,west,price_sensitive,ios,control,0,0,1,5.3,24.82,4.53,2.67,1,0,0,0,4.47,4.47
PRC-00377,USR-0377,north,casual,android,control,0,1,2,6.66,27.68,4.77,3.37,1,1,0,1,9.75,6.38
PRC-00378,USR-0378,south,power_user,web,treatment,0,0,3,7.16,28.29,4.62,3.38,1,0,0,0,5.09,5.09
PRC-00379,USR-0379,east,price_sensitive,ios,treatment,1,0,4,1.57,32.85,3.4,2.65,1,0,0,0,5.91,5.91
PRC-00380,USR-0380,west,casual,android,treatment,1,0,5,3.22,35.84,4.84,3.16,1,0,0,0,6.45,6.45
PRC-00381,USR-0381,north,power_user,web,control,0,0,1,3.11,38.88,4.0,2.18,1,1,0,1,11.0,8.82
PRC-00382,USR-0382,south,price_sensitive,ios,treatment,0,0,2,4.48,41.46,3.69,2.64,1,1,0,1,11.15,8.51
PRC-00383,USR-0383,east,casual,android,control,0,0,3,5.03,44.05,4.78,2.91,1,1,0,1,12.71,9.8
PRC-00384,USR-0384,west,power_user,web,treatment,0,0,4,6.59,47.92,4.17,3.4,1,1,0,1,12.8,9.4
PRC-00385,USR-0385,north,price_sensitive,ios,control,1,1,5,7.28,49.84,5.19,4.3,1,1,0,1,14.16,9.86
PRC-00386,USR-0386,south,casual,android,control,1,0,1,2.69,20.98,4.33,2.44,1,0,0,0,3.78,3.78
PRC-00387,USR-0387,east,power_user,web,treatment,0,0,2,3.33,24.19,4.17,2.38,1,1,0,1,8.52,6.14
PRC-00388,USR-0388,west,price_sensitive,ios,treatment,0,0,3,3.11,25.0,3.15,2.48,1,1,0,1,7.65,5.17
PRC-00389,USR-0389,north,casual,android,treatment,0,0,4,4.93,29.68,3.86,3.03,1,1,1,0,5.34,5.34
PRC-00390,USR-0390,south,power_user,web,control,0,0,5,5.77,33.64,4.46,3.37,1,1,0,1,10.52,7.15
PRC-00391,USR-0391,east,price_sensitive,ios,treatment,1,0,1,6.18,36.65,4.23,3.21,1,0,0,0,6.6,6.6
PRC-00392,USR-0392,west,casual,android,control,1,0,2,7.0,39.77,5.58,3.54,1,0,0,0,7.16,7.16
PRC-00393,USR-0393,north,power_user,web,control,0,1,3,1.69,39.57,3.51,2.42,1,0,0,0,7.12,7.12
PRC-00394,USR-0394,south,price_sensitive,ios,control,0,0,4,2.7,45.34,4.16,2.54,1,1,0,1,12.32,9.78
PRC-00395,USR-0395,east,casual,android,treatment,0,0,5,4.27,46.85,3.71,3.04,1,1,0,1,12.14,9.1
PRC-00396,USR-0396,west,power_user,web,control,0,0,1,5.05,50.69,4.26,2.61,1,0,0,0,9.12,9.12
PRC-00397,USR-0397,north,price_sensitive,ios,control,1,0,2,5.89,19.96,5.14,3.3,1,1,0,1,8.73,5.43
PRC-00398,USR-0398,south,casual,android,control,1,0,3,6.29,24.28,4.85,3.53,1,0,0,0,4.37,4.37
PRC-00399,USR-0399,east,power_user,web,treatment,0,0,4,6.4,27.3,4.18,3.36,1,0,0,0,4.91,4.91
PRC-00400,USR-0400,west,price_sensitive,ios,treatment,0,0,5,1.88,30.29,2.87,2.51,1,1,0,1,8.32,5.81
PRC-00401,USR-0401,north,casual,android,control,0,1,1,2.46,31.54,3.6,2.29,1,1,0,1,9.28,6.99
PRC-00402,USR-0402,south,power_user,web,control,0,0,2,3.52,33.59,3.71,2.42,1,1,0,1,9.76,7.34
PRC-00403,USR-0403,east,price_sensitive,ios,control,1,0,3,4.37,37.42,4.5,3.11,1,0,0,0,6.74,6.74
PRC-00404,USR-0404,west,casual,android,treatment,1,0,4,5.39,42.72,5.01,3.49,1,1,0,1,12.7,9.21
PRC-00405,USR-0405,north,power_user,web,control,0,0,5,5.58,43.93,4.39,3.33,1,1,0,1,12.3,8.97
PRC-00406,USR-0406,south,price_sensitive,ios,control,0,0,1,6.6,45.98,4.74,2.95,1,0,0,0,8.28,8.28
PRC-00407,USR-0407,east,casual,android,control,0,0,2,1.87,48.37,4.18,2.06,1,1,0,1,12.89,10.83
PRC-00408,USR-0408,west,power_user,web,treatment,0,0,3,2.7,20.15,4.11,2.39,1,0,0,0,3.63,3.63
PRC-00409,USR-0409,north,price_sensitive,ios,treatment,1,1,4,3.48,22.38,4.57,3.32,1,1,0,1,8.6,5.28
PRC-00410,USR-0410,south,casual,android,treatment,1,0,5,4.25,28.19,5.28,3.39,1,1,0,1,10.35,6.96
PRC-00411,USR-0411,east,power_user,web,control,0,0,1,5.68,29.02,4.37,2.75,1,1,0,1,9.59,6.84
PRC-00412,USR-0412,west,price_sensitive,ios,treatment,0,0,2,6.32,32.51,4.07,3.04,1,0,0,0,5.85,5.85
PRC-00413,USR-0413,north,casual,android,control,0,0,3,6.83,35.98,4.48,3.3,1,0,0,0,6.48,6.48
PRC-00414,USR-0414,south,power_user,web,treatment,0,0,4,1.99,39.18,3.7,2.39,1,1,0,1,10.75,8.36
PRC-00415,USR-0415,east,price_sensitive,ios,treatment,1,0,5,3.25,41.8,3.74,3.17,1,0,0,0,7.52,7.52
PRC-00416,USR-0416,west,casual,android,control,1,0,1,3.71,43.6,5.14,2.67,1,0,0,0,7.85,7.85
PRC-00417,USR-0417,north,power_user,web,treatment,0,1,2,4.33,47.87,4.48,2.85,1,1,0,1,13.1,10.25
PRC-00418,USR-0418,south,price_sensitive,ios,control,0,0,3,5.49,50.69,4.3,3.01,1,0,0,0,9.12,9.12
PRC-00419,USR-0419,east,casual,android,control,0,0,4,6.31,22.44,4.49,3.34,1,0,0,0,4.04,4.04
PRC-00420,USR-0420,west,power_user,web,treatment,0,0,5,6.31,23.41,4.26,3.49,1,1,0,1,8.47,4.98
PRC-00421,USR-0001,north,price_sensitive,ios,treatment,1,0,1,2.03,26.81,3.81,2.3,1,0,0,0,4.83,4.83
PRC-00422,USR-0002,south,casual,android,treatment,1,0,2,2.71,29.45,4.4,2.6,1,1,0,1,9.7,7.1
PRC-00423,USR-0003,east,power_user,web,treatment,0,0,3,4.23,31.01,3.78,2.73,1,1,0,1,9.36,6.63
PRC-00424,USR-0004,west,price_sensitive,ios,control,0,0,4,4.47,35.19,4.19,2.93,1,0,0,0,6.33,6.33
PRC-00425,USR-0005,north,casual,android,control,0,1,5,5.67,37.45,4.11,3.6,1,0,0,0,6.74,6.74
PRC-00426,USR-0006,south,power_user,web,treatment,0,0,1,5.7,41.67,4.8,2.75,1,1,0,1,12.3,9.55
PRC-00427,USR-0007,east,price_sensitive,ios,control,1,0,2,7.45,44.16,5.19,3.64,1,1,0,1,13.14,9.5
PRC-00428,USR-0008,west,casual,android,treatment,1,0,3,1.54,46.61,4.72,2.49,1,1,0,1,13.11,10.62
PRC-00429,USR-0009,north,power_user,web,control,0,0,4,2.55,50.47,4.13,2.51,1,0,0,0,9.08,9.08
PRC-00430,USR-0010,south,price_sensitive,ios,control,0,0,5,4.15,19.36,3.91,3.01,1,1,0,1,7.39,4.38
PRC-00431,USR-0011,east,casual,android,control,0,0,1,4.53,24.92,4.38,2.5,1,0,0,0,4.49,4.49
PRC-00432,USR-0012,west,power_user,web,treatment,0,0,2,5.12,26.85,4.57,2.78,1,1,0,1,9.4,6.62
PRC-00433,USR-0013,north,price_sensitive,ios,treatment,1,1,3,6.24,28.74,4.29,3.77,1,1,0,1,9.46,5.69
PRC-00434,USR-0014,south,casual,android,control,1,0,4,7.13,31.24,5.38,3.87,1,1,0,1,11.0,7.13
PRC-00435,USR-0015,east,power_user,web,control,0,0,5,2.26,34.15,4.02,2.6,1,0,0,0,6.15,6.15
PRC-00436,USR-0016,west,price_sensitive,ios,treatment,0,0,1,2.89,38.34,3.09,2.14,1,1,0,1,9.99,7.85
PRC-00437,USR-0017,north,casual,android,control,0,0,2,3.11,40.56,3.67,2.33,1,0,0,0,7.3,7.3
PRC-00438,USR-0018,south,power_user,web,treatment,0,0,3,4.49,43.97,4.31,2.79,1,1,0,1,12.22,9.43
PRC-00439,USR-0019,east,price_sensitive,ios,control,1,0,4,4.74,45.39,5.18,3.34,1,1,0,1,13.35,10.01
PRC-00440,USR-0020,west,casual,android,treatment,1,0,5,6.05,48.59,5.65,3.78,1,0,0,0,8.75,8.75
PRC-00441,USR-0021,north,power_user,web,treatment,0,1,1,6.44,19.4,4.75,3.17,1,0,0,0,3.49,3.49
PRC-00442,USR-0022,south,price_sensitive,ios,control,0,0,2,1.55,24.78,3.92,1.99,1,0,0,0,4.46,4.46
PRC-00443,USR-0023,east,casual,android,treatment,0,0,3,3.3,25.16,4.16,2.53,1,1,0,1,8.69,6.16
PRC-00444,USR-0024,west,power_user,web,control,0,0,4,4.08,28.92,4.12,2.85,1,0,0,0,5.21,5.21
PRC-00445,USR-0025,north,price_sensitive,ios,treatment,1,0,5,4.87,31.43,4.5,3.52,1,1,0,1,10.16,6.64
PRC-00446,USR-0026,south,casual,android,treatment,1,0,1,4.87,34.08,4.95,2.92,1,1,1,0,6.13,6.13
PRC-00447,USR-0027,east,power_user,web,control,0,0,2,6.15,37.38,4.39,3.0,1,0,0,0,6.73,6.73
PRC-00448,USR-0028,west,price_sensitive,ios,control,0,0,3,7.33,40.24,5.2,3.41,1,0,0,0,7.24,7.24
PRC-00449,USR-0029,north,casual,android,control,0,1,4,2.44,45.57,4.26,2.74,1,0,0,0,8.2,8.2
PRC-00450,USR-0030,south,power_user,web,treatment,0,0,5,3.34,45.54,3.72,2.83,1,0,0,0,8.2,8.2
PRC-00451,USR-0031,east,price_sensitive,ios,treatment,1,0,1,3.91,50.67,4.23,2.71,1,0,0,0,9.12,9.12
PRC-00452,USR-0032,west,casual,android,control,1,0,2,4.44,20.45,5.01,2.98,1,0,0,0,3.68,3.68
PRC-00453,USR-0033,north,power_user,web,control,0,0,3,5.03,23.7,4.74,2.91,1,1,0,1,9.01,6.1
PRC-00454,USR-0034,south,price_sensitive,ios,control,0,0,4,6.43,24.81,4.81,3.36,1,0,0,0,4.47,4.47
PRC-00455,USR-0035,east,casual,android,control,0,0,5,6.73,30.02,4.26,3.58,1,1,0,1,9.66,6.08
PRC-00456,USR-0036,west,power_user,web,control,0,0,1,1.82,31.34,4.06,1.9,1,1,0,1,9.7,7.8
PRC-00457,USR-0037,north,price_sensitive,ios,treatment,1,1,2,2.71,35.2,4.19,2.85,1,1,0,1,10.53,7.68
PRC-00458,USR-0038,south,casual,android,treatment,1,0,3,3.25,38.01,5.25,2.86,1,1,1,0,6.84,6.84
PRC-00459,USR-0039,east,power_user,web,treatment,0,0,4,4.73,40.01,3.86,2.99,1,0,0,0,7.2,7.2
PRC-00460,USR-0040,west,price_sensitive,ios,control,0,0,5,5.03,45.46,4.48,3.21,1,1,0,1,12.66,9.45
PRC-00461,USR-0041,north,casual,android,treatment,0,0,1,5.98,45.68,4.24,2.82,1,0,0,0,8.22,8.22
PRC-00462,USR-0042,south,power_user,web,control,0,0,2,7.14,50.29,4.28,3.22,1,1,0,1,13.33,10.11
PRC-00463,USR-0043,east,price_sensitive,ios,control,1,0,3,1.51,21.38,4.54,2.48,1,0,0,0,3.85,3.85
PRC-00464,USR-0044,west,casual,android,treatment,1,0,4,2.46,23.38,4.4,2.84,1,1,0,1,8.61,5.77
PRC-00465,USR-0045,north,power_user,web,control,0,1,5,4.16,25.9,3.86,3.27,1,0,0,0,4.66,4.66
PRC-00466,USR-0046,south,price_sensitive,ios,treatment,0,0,1,5.09,28.17,3.48,2.62,1,1,1,0,5.07,5.07
PRC-00467,USR-0047,east,casual,android,treatment,0,0,2,5.57,32.14,4.46,2.88,1,1,0,1,10.25,7.37
PRC-00468,USR-0048,west,power_user,web,treatment,0,0,3,5.6,36.51,3.99,3.03,1,0,0,0,6.57,6.57
PRC-00469,USR-0049,north,price_sensitive,ios,treatment,1,0,4,7.46,37.74,4.72,3.94,1,1,0,1,11.51,7.57
PRC-00470,USR-0050,south,casual,android,control,1,0,5,2.22,41.24,4.59,2.94,1,0,0,0,7.42,7.42
PRC-00471,USR-0051,east,power_user,web,treatment,0,0,1,3.09,45.17,3.72,2.18,1,1,0,1,11.85,9.67
PRC-00472,USR-0052,west,price_sensitive,ios,treatment,0,0,2,3.17,46.13,3.82,2.35,1,0,0,0,8.3,8.3
PRC-00473,USR-0053,north,casual,android,control,0,1,3,4.5,48.39,4.33,3.04,1,1,0,1,13.04,10.0
PRC-00474,USR-0054,south,power_user,web,treatment,0,0,4,4.86,22.27,4.54,3.02,1,1,0,1,8.55,5.53
PRC-00475,USR-0055,east,price_sensitive,ios,treatment,1,0,5,6.65,24.57,4.98,3.91,1,1,1,0,4.42,4.42
PRC-00476,USR-0056,west,casual,android,control,1,0,1,6.37,24.94,5.5,3.25,1,1,0,1,9.99,6.74
PRC-00477,USR-0057,north,power_user,web,treatment,0,0,2,2.34,29.15,3.39,2.16,1,1,0,1,8.64,6.48
PRC-00478,USR-0058,south,price_sensitive,ios,control,0,0,3,2.91,31.68,3.7,2.44,1,0,0,0,5.7,5.7
PRC-00479,USR-0059,east,casual,android,treatment,0,0,4,3.86,34.87,4.34,2.8,1,0,0,0,6.28,6.28
PRC-00480,USR-0060,west,power_user,web,control,0,0,5,4.78,38.85,4.61,3.15,1,1,0,1,11.6,8.45
PRC-00481,USR-0061,north,price_sensitive,ios,control,1,1,1,5.43,40.89,4.9,3.29,1,0,0,0,7.36,7.36
PRC-00482,USR-0062,south,casual,android,treatment,1,0,2,6.35,42.62,5.66,3.4,1,1,0,1,13.33,9.93
PRC-00483,USR-0063,east,power_user,web,treatment,0,0,3,7.16,47.84,4.33,3.38,1,1,0,1,12.94,9.56
PRC-00484,USR-0064,west,price_sensitive,ios,control,0,0,4,2.43,51.1,3.45,2.48,1,0,0,0,9.2,9.2
PRC-00485,USR-0065,north,casual,android,control,0,0,5,3.15,19.22,4.08,2.79,1,1,0,1,7.54,4.75
PRC-00486,USR-0066,south,power_user,web,control,0,0,1,3.78,23.65,4.0,2.33,1,1,0,1,8.26,5.93
PRC-00487,USR-0067,east,price_sensitive,ios,treatment,1,0,2,4.17,27.33,4.3,2.92,1,1,0,1,9.22,6.3
PRC-00488,USR-0068,west,casual,android,control,1,0,3,5.16,29.35,4.7,3.29,1,0,0,0,5.28,5.28
PRC-00489,USR-0069,north,power_user,web,treatment,0,1,4,6.6,32.54,4.74,3.65,1,1,0,1,10.6,6.95
PRC-00490,USR-0070,south,price_sensitive,ios,control,0,0,5,6.63,36.02,4.25,3.56,1,1,0,1,10.73,7.17
PRC-00491,USR-0071,east,casual,android,treatment,0,0,1,2.47,37.03,4.22,2.04,1,0,0,0,6.67,6.67
PRC-00492,USR-0072,west,power_user,web,control,0,0,2,2.64,40.93,4.23,2.23,1,1,0,1,11.6,9.37
PRC-00493,USR-0073,north,price_sensitive,ios,control,1,0,3,3.78,42.9,4.59,2.98,1,0,0,0,7.72,7.72
PRC-00494,USR-0074,south,casual,android,control,1,0,4,4.49,47.17,5.14,3.29,1,1,0,1,13.63,10.34
PRC-00495,USR-0075,east,power_user,web,treatment,0,0,5,4.71,48.86,4.11,3.14,1,1,0,1,12.9,9.76
PRC-00496,USR-0076,west,price_sensitive,ios,treatment,0,0,1,6.64,22.07,3.64,2.96,1,0,0,0,3.97,3.97
PRC-00497,USR-0077,north,casual,android,treatment,0,1,2,6.42,24.45,4.52,3.31,1,1,0,1,8.92,5.61
PRC-00498,USR-0078,south,power_user,web,control,0,0,3,2.35,28.29,3.5,2.32,1,0,0,0,5.09,5.09
PRC-00499,USR-0079,east,price_sensitive,ios,treatment,1,0,4,3.14,29.52,3.99,2.99,1,0,0,0,5.31,5.31
PRC-00500,USR-0080,west,casual,android,control,1,0,5,3.26,30.93,4.96,3.17,1,1,0,1,10.53,7.36
PRC-00501,USR-0081,north,power_user,web,control,0,0,1,4.18,36.87,3.98,2.42,1,1,0,1,10.62,8.2
PRC-00502,USR-0082,south,price_sensitive,ios,treatment,0,0,2,5.08,38.97,3.6,2.77,1,1,0,1,10.61,7.84
PRC-00503,USR-0083,east,casual,android,treatment,0,0,3,5.69,41.35,4.06,3.05,1,1,0,1,11.5,8.45
PRC-00504,USR-0084,west,power_user,web,treatment,0,0,4,6.55,45.58,4.35,3.39,1,1,0,1,12.55,9.16
PRC-00505,USR-0085,north,price_sensitive,ios,control,1,1,5,2.49,47.5,4.72,3.25,1,1,0,1,13.27,10.02
PRC-00506,USR-0086,south,casual,android,control,1,0,1,2.6,48.32,4.43,2.42,1,1,0,1,13.13,10.71
PRC-00507,USR-0087,east,power_user,web,control,0,0,2,3.14,22.47,3.92,2.34,1,1,0,1,7.96,5.62
PRC-00508,USR-0088,west,price_sensitive,ios,control,0,0,3,4.86,23.52,3.99,2.87,1,1,0,1,8.22,5.35
PRC-00509,USR-0089,north,casual,android,treatment,0,0,4,5.69,25.26,4.25,3.2,1,0,0,0,4.55,4.55
PRC-00510,USR-0090,south,power_user,web,treatment,0,0,5,5.81,29.74,4.67,3.38,1,1,0,1,10.02,6.64
PRC-00511,USR-0091,east,price_sensitive,ios,treatment,1,0,1,6.45,32.15,5.07,3.27,1,0,0,0,5.79,5.79
PRC-00512,USR-0092,west,casual,android,control,1,0,2,2.05,33.65,4.16,2.45,1,1,0,1,10.22,7.77
PRC-00513,USR-0093,north,power_user,web,control,0,1,3,3.12,36.5,3.71,2.74,1,1,0,1,10.28,7.54
PRC-00514,USR-0094,south,price_sensitive,ios,control,0,0,4,3.14,42.39,4.11,2.64,1,1,0,1,11.74,9.1
PRC-00515,USR-0095,east,casual,android,control,0,0,5,3.97,44.13,3.96,2.97,1,1,0,1,11.9,8.93
PRC-00516,USR-0096,west,power_user,web,treatment,0,0,1,5.46,46.94,4.59,2.7,1,0,0,0,8.45,8.45
PRC-00517,USR-0097,north,price_sensitive,ios,treatment,1,0,2,5.93,50.74,4.65,3.3,1,1,0,1,13.78,10.48
PRC-00518,USR-0098,south,casual,android,treatment,1,0,3,6.52,20.36,5.35,3.58,1,1,0,1,9.01,5.43
PRC-00519,USR-0099,east,power_user,web,treatment,0,0,4,2.69,22.11,3.85,2.54,1,0,0,0,3.98,3.98
PRC-00520,USR-0100,west,price_sensitive,ios,treatment,0,0,5,2.42,28.21,3.47,2.63,1,1,0,1,8.55,5.92
PRC-00521,USR-0101,north,casual,android,treatment,0,1,1,4.3,27.9,3.86,2.7,1,0,0,0,5.02,5.02
PRC-00522,USR-0102,south,power_user,web,treatment,0,0,2,4.91,31.84,4.53,2.73,1,1,0,1,10.26,7.53
PRC-00523,USR-0103,east,price_sensitive,ios,treatment,1,0,3,5.8,35.94,4.16,3.43,1,0,0,0,6.47,6.47
PRC-00524,USR-0104,west,casual,android,treatment,1,0,4,6.18,38.37,5.17,3.66,1,0,0,0,6.91,6.91
PRC-00525,USR-0105,north,power_user,web,treatment,0,0,5,6.67,41.02,4.53,3.57,1,1,0,1,11.91,8.34
PRC-00526,USR-0106,south,price_sensitive,ios,control,0,0,1,1.5,44.04,4.09,1.83,1,1,0,1,12.02,10.19
PRC-00527,USR-0107,east,casual,android,treatment,0,0,2,3.31,48.32,3.78,2.38,1,1,0,1,12.48,10.1
PRC-00528,USR-0108,west,power_user,web,treatment,0,0,3,4.12,50.71,4.41,2.71,1,0,0,0,9.13,9.13
PRC-00529,USR-0109,north,price_sensitive,ios,control,1,1,4,4.37,22.3,4.52,3.51,1,1,0,1,8.53,5.02
PRC-00530,USR-0110,south,casual,android,control,1,0,5,5.65,25.22,5.52,3.69,1,0,0,0,4.54,4.54
PRC-00531,USR-0111,east,power_user,web,control,0,0,1,6.33,28.19,4.97,2.89,1,0,0,0,5.07,5.07
PRC-00532,USR-0112,west,price_sensitive,ios,control,0,0,2,6.51,29.76,4.44,3.08,1,0,0,0,5.36,5.36
PRC-00533,USR-0113,north,casual,android,control,0,0,3,2.64,33.15,4.32,2.38,1,1,0,1,10.29,7.91
PRC-00534,USR-0114,south,power_user,web,treatment,0,0,4,3.02,33.61,4.26,2.61,1,0,0,0,6.05,6.05
PRC-00535,USR-0115,east,price_sensitive,ios,control,1,0,5,4.22,38.38,4.53,3.38,1,0,0,0,6.91,6.91
PRC-00536,USR-0116,west,casual,android,control,1,0,1,4.1,42.74,5.17,2.75,1,1,0,1,12.86,10.11
PRC-00537,USR-0117,north,power_user,web,treatment,0,1,2,5.24,45.3,4.07,3.05,1,1,1,0,8.15,8.15
PRC-00538,USR-0118,south,price_sensitive,ios,control,0,0,3,5.5,45.48,4.33,3.01,1,0,0,0,8.19,8.19
PRC-00539,USR-0119,east,casual,android,treatment,0,0,4,6.89,51.1,4.47,3.47,1,1,0,1,13.67,10.2
PRC-00540,USR-0120,west,power_user,web,control,0,0,5,2.28,22.02,4.02,2.6,1,1,0,1,7.98,5.38
PRC-00541,USR-0121,north,price_sensitive,ios,treatment,1,0,1,2.68,22.93,4.43,2.44,1,1,0,1,8.56,6.12
PRC-00542,USR-0122,south,casual,android,control,1,0,2,3.76,27.36,5.13,2.83,1,1,0,1,10.05,7.22
PRC-00543,USR-0123,east,power_user,web,treatment,0,0,3,3.94,29.39,4.45,2.67,1,1,0,1,9.74,7.07
PRC-00544,USR-0124,west,price_sensitive,ios,control,0,0,4,4.95,30.95,4.05,3.04,1,0,0,0,5.57,5.57
PRC-00545,USR-0125,north,casual,android,treatment,0,1,5,5.82,36.05,4.19,3.63,1,1,1,0,6.49,6.49
PRC-00546,USR-0126,south,power_user,web,treatment,0,0,1,6.48,39.34,4.38,2.93,1,1,0,1,11.46,8.53
PRC-00547,USR-0127,east,price_sensitive,ios,treatment,1,0,2,1.74,41.4,3.43,2.38,1,1,0,1,10.88,8.5
PRC-00548,USR-0128,west,casual,android,control,1,0,3,2.67,45.15,4.48,2.74,1,1,0,1,12.61,9.87
PRC-00549,USR-0129,north,power_user,web,control,0,0,4,3.32,47.0,4.38,2.68,1,1,0,1,12.84,10.16
PRC-00550,USR-0130,south,price_sensitive,ios,control,0,0,5,4.17,49.63,3.98,3.02,1,1,0,1,12.91,9.89
PRC-00551,USR-0131,east,casual,android,treatment,0,0,1,5.11,19.3,4.3,2.62,1,0,0,0,3.47,3.47
PRC-00552,USR-0132,west,power_user,web,treatment,0,0,2,6.51,23.84,4.8,3.08,1,1,0,1,9.09,6.01
PRC-00553,USR-0133,north,price_sensitive,ios,treatment,1,1,3,7.36,26.46,4.84,4.02,1,1,0,1,9.6,5.58
PRC-00554,USR-0134,south,casual,android,treatment,1,0,4,2.58,29.46,5.07,2.87,1,0,0,0,5.3,5.3
PRC-00555,USR-0135,east,power_user,web,treatment,0,0,5,3.21,31.02,3.62,2.81,1,0,0,0,5.58,5.58
PRC-00556,USR-0136,west,price_sensitive,ios,treatment,0,0,1,3.25,36.33,3.41,2.21,1,0,0,0,6.54,6.54
PRC-00557,USR-0137,north,casual,android,control,0,0,2,4.65,39.89,4.58,2.67,1,1,0,1,11.76,9.09
PRC-00558,USR-0138,south,power_user,web,treatment,0,0,3,5.17,39.53,4.18,2.94,1,1,0,1,11.3,8.36
PRC-00559,USR-0139,east,price_sensitive,ios,control,1,0,4,6.44,45.26,5.36,3.72,1,0,0,0,8.15,8.15
PRC-00560,USR-0140,west,casual,android,control,1,0,5,6.48,46.55,5.34,3.88,1,0,0,0,8.38,8.38
PRC-00561,USR-0141,north,power_user,web,treatment,0,1,1,2.18,51.24,3.37,2.23,1,1,0,1,12.59,10.36
PRC-00562,USR-0142,south,price_sensitive,ios,control,0,0,2,2.76,20.44,3.92,2.26,1,0,0,0,3.68,3.68
PRC-00563,USR-0143,east,casual,android,control,0,0,3,3.27,22.86,4.13,2.52,1,0,0,0,4.11,4.11
PRC-00564,USR-0144,west,power_user,web,control,0,0,4,4.3,27.91,3.98,2.9,1,0,0,0,5.02,5.02
PRC-00565,USR-0145,north,price_sensitive,ios,treatment,1,0,5,4.72,30.84,4.68,3.49,1,1,0,1,10.23,6.74
PRC-00566,USR-0146,south,casual,android,control,1,0,1,5.62,33.04,5.43,3.09,1,1,0,1,11.38,8.29
PRC-00567,USR-0147,east,power_user,web,control,0,0,2,6.62,36.39,4.56,3.11,1,0,0,0,6.55,6.55
PRC-00568,USR-0148,west,price_sensitive,ios,control,0,0,3,2.49,37.14,4.11,2.35,1,0,0,0,6.69,6.69
PRC-00569,USR-0149,north,casual,android,treatment,0,1,4,2.92,42.17,3.56,2.84,1,1,0,1,11.15,8.31
PRC-00570,USR-0150,south,power_user,web,control,0,0,5,4.16,45.18,3.76,3.02,1,1,0,1,11.89,8.87
PRC-00571,USR-0151,east,price_sensitive,ios,treatment,1,0,1,4.45,45.97,4.72,2.83,1,0,0,0,8.27,8.27
PRC-00572,USR-0152,west,casual,android,control,1,0,2,5.31,50.88,5.17,3.17,1,1,1,0,9.16,9.16
PRC-00573,USR-0153,north,power_user,web,control,0,0,3,5.71,21.08,4.8,3.06,1,1,0,1,8.59,5.53
PRC-00574,USR-0154,south,price_sensitive,ios,control,0,0,4,7.2,25.03,4.91,3.53,1,1,0,1,9.42,5.89
PRC-00575,USR-0155,east,casual,android,control,0,0,5,2.66,26.8,4.24,2.69,1,0,0,0,4.82,4.82
PRC-00576,USR-0156,west,power_user,web,treatment,0,0,1,2.79,28.64,3.41,2.11,1,0,0,0,5.16,5.16
PRC-00577,USR-0157,north,price_sensitive,ios,treatment,1,1,2,4.19,30.63,4.43,3.17,1,0,0,0,5.51,5.51
PRC-00578,USR-0158,south,casual,android,control,1,0,3,4.87,34.38,4.79,3.22,1,0,0,0,6.19,6.19
PRC-00579,USR-0159,east,power_user,web,treatment,0,0,4,5.15,37.88,4.13,3.08,1,1,0,1,10.95,7.87
PRC-00580,USR-0160,west,price_sensitive,ios,treatment,0,0,5,5.98,42.19,3.61,3.42,1,1,0,1,11.2,7.78
PRC-00581,USR-0161,north,casual,android,treatment,0,0,1,7.08,43.51,4.71,3.06,1,1,0,1,12.54,9.48
PRC-00582,USR-0162,south,power_user,web,control,0,0,2,2.27,48.56,4.17,2.15,1,1,0,1,12.91,10.76
PRC-00583,USR-0163,east,price_sensitive,ios,treatment,1,0,3,2.48,49.05,4.23,2.7,1,0,0,0,8.83,8.83
PRC-00584,USR-0164,west,casual,android,treatment,1,0,4,3.82,21.81,5.17,3.14,1,0,0,0,3.93,3.93
PRC-00585,USR-0165,north,power_user,web,treatment,0,1,5,5.1,24.19,4.04,3.47,1,1,0,1,8.39,4.92
PRC-00586,USR-0166,south,price_sensitive,ios,control,0,0,1,5.39,27.28,4.13,2.69,1,0,0,0,4.91,4.91
PRC-00587,USR-0167,east,casual,android,control,0,0,2,6.44,29.57,4.97,3.07,1,0,0,0,5.32,5.32
PRC-00588,USR-0168,west,power_user,web,treatment,0,0,3,7.31,33.56,4.99,3.41,1,1,0,1,11.03,7.62
PRC-00589,USR-0169,north,price_sensitive,ios,control,1,0,4,2.47,34.41,4.77,2.84,1,1,0,1,10.96,8.12
PRC-00590,USR-0170,south,casual,android,control,1,0,5,2.73,36.71,4.8,3.05,1,1,0,1,11.41,8.36
PRC-00591,USR-0171,east,power_user,web,control,0,0,1,3.45,40.21,4.38,2.26,1,1,0,1,11.62,9.36
PRC-00592,USR-0172,west,price_sensitive,ios,treatment,0,0,2,3.99,45.51,3.96,2.53,1,1,0,1,12.15,9.62
PRC-00593,USR-0173,north,casual,android,control,0,1,3,4.76,46.14,4.62,3.1,1,1,0,1,12.93,9.83
PRC-00594,USR-0174,south,power_user,web,control,0,0,4,6.59,49.99,4.59,3.4,1,1,0,1,13.59,10.19
PRC-00595,USR-0175,east,price_sensitive,ios,treatment,1,0,5,7.06,20.71,4.52,4.0,1,0,0,0,3.73,3.73
PRC-00596,USR-0176,west,casual,android,control,1,0,1,2.41,22.86,4.23,2.38,1,0,0,0,4.11,4.11
PRC-00597,USR-0177,north,power_user,web,control,0,0,2,2.41,27.47,3.98,2.18,1,1,0,1,8.92,6.74
PRC-00598,USR-0178,south,price_sensitive,ios,treatment,0,0,3,3.15,29.04,3.19,2.49,1,1,1,0,5.23,5.23
PRC-00599,USR-0179,east,casual,android,control,0,0,4,4.13,33.52,4.34,2.86,1,0,0,0,6.03,6.03
PRC-00600,USR-0180,west,power_user,web,control,0,0,5,5.11,35.93,4.03,3.22,1,1,0,1,10.5,7.28
PRC-00601,USR-0181,north,price_sensitive,ios,control,1,1,1,5.86,39.28,4.96,3.39,1,0,0,0,7.07,7.07
PRC-00602,USR-0182,south,casual,android,treatment,1,0,2,7.37,40.48,6.11,3.62,1,1,0,1,13.4,9.78
PRC-00603,USR-0183,east,power_user,web,control,0,0,3,2.64,42.86,4.29,2.38,1,1,0,1,12.0,9.62
PRC-00604,USR-0184,west,price_sensitive,ios,treatment,0,0,4,3.18,45.56,3.54,2.65,1,1,0,1,11.74,9.09
PRC-00605,USR-0185,north,casual,android,treatment,0,0,5,4.15,48.13,3.87,3.01,1,1,0,1,12.53,9.52
PRC-00606,USR-0186,south,power_user,web,treatment,0,0,1,4.68,21.32,3.75,2.53,1,0,0,0,3.84,3.84
PRC-00607,USR-0187,east,price_sensitive,ios,control,1,0,2,5.36,23.23,5.03,3.18,1,1,0,1,9.21,6.03
PRC-00608,USR-0188,west,casual,android,treatment,1,0,3,6.29,25.85,5.62,3.53,1,1,0,1,10.27,6.74
PRC-00609,USR-0189,north,power_user,web,control,0,1,4,6.43,30.61,4.79,3.61,1,1,0,1,10.3,6.69
PRC-00610,USR-0190,south,price_sensitive,ios,control,0,0,5,1.74,31.3,3.54,2.48,1,1,0,1,9.17,6.69
PRC-00611,USR-0191,east,casual,android,treatment,0,0,1,2.35,34.53,3.76,2.02,1,1,0,1,9.98,7.96
PRC-00612,USR-0192,west,power_user,web,control,0,0,2,3.91,36.41,4.51,2.51,1,0,0,0,6.55,6.55
PRC-00613,USR-0193,north,price_sensitive,ios,treatment,1,0,3,4.01,39.82,4.27,3.03,1,0,0,0,7.17,7.17
PRC-00614,USR-0194,south,casual,android,control,1,0,4,4.98,43.1,5.43,3.4,1,1,0,1,13.19,9.79
PRC-00615,USR-0195,east,power_user,web,control,0,0,5,5.55,45.71,4.25,3.32,1,0,0,0,8.23,8.23
PRC-00616,USR-0196,west,price_sensitive,ios,control,0,0,1,6.41,50.58,4.83,2.91,1,1,0,1,13.93,11.02
PRC-00617,USR-0197,north,casual,android,treatment,0,1,2,1.93,19.6,3.63,2.32,1,0,0,0,3.53,3.53
PRC-00618,USR-0198,south,power_user,web,treatment,0,0,3,3.28,22.23,3.64,2.52,1,1,0,1,7.64,5.12
PRC-00619,USR-0199,east,price_sensitive,ios,control,1,0,4,4.12,26.15,5.1,3.21,1,0,0,0,4.71,4.71
PRC-00620,USR-0200,west,casual,android,treatment,1,0,5,4.74,28.1,4.8,3.49,1,0,0,0,5.06,5.06
PRC-00621,USR-0201,north,power_user,web,control,0,0,1,5.41,32.06,4.69,2.69,1,0,0,0,5.77,5.77
PRC-00622,USR-0202,south,price_sensitive,ios,control,0,0,2,5.93,34.83,4.08,2.95,1,0,0,0,6.27,6.27
PRC-00623,USR-0203,east,casual,android,treatment,0,0,3,6.46,39.81,4.88,3.22,1,1,0,1,12.05,8.83
PRC-00624,USR-0204,west,power_user,web,control,0,0,4,1.88,40.22,3.96,2.36,1,0,0,0,7.24,7.24
PRC-00625,USR-0205,north,price_sensitive,ios,treatment,1,1,5,2.98,44.22,4.51,3.36,1,0,0,0,7.96,7.96
PRC-00626,USR-0206,south,casual,android,control,1,0,1,3.94,46.93,4.43,2.72,1,0,0,0,8.45,8.45
PRC-00627,USR-0207,east,power_user,web,control,0,0,2,4.71,49.21,4.18,2.69,1,0,0,0,8.86,8.86
PRC-00628,USR-0208,west,price_sensitive,ios,treatment,0,0,3,4.77,22.46,3.88,2.85,1,1,0,1,7.92,5.07
PRC-00629,USR-0209,north,casual,android,treatment,0,0,4,5.59,24.94,4.34,3.18,1,1,0,1,8.83,5.65
PRC-00630,USR-0210,south,power_user,web,control,0,0,5,7.07,25.58,4.63,3.66,1,1,0,1,9.23,5.57
PRC-00631,USR-0211,east,price_sensitive,ios,treatment,1,0,1,2.53,29.27,3.95,2.41,1,1,0,1,9.22,6.81
PRC-00632,USR-0212,west,casual,android,treatment,1,0,2,2.79,30.96,4.89,2.61,1,1,0,1,10.46,7.85
PRC-00633,USR-0213,north,power_user,web,treatment,0,1,3,3.47,35.67,3.97,2.81,1,1,0,1,10.39,7.58
PRC-00634,USR-0214,south,price_sensitive,ios,treatment,0,0,4,3.97,37.67,3.36,2.82,1,1,0,1,10.14,7.32
PRC-00635,USR-0215,east,casual,android,treatment,0,0,5,5.49,40.96,4.52,3.31,1,1,0,1,11.89,8.58
PRC-00636,USR-0216,west,power_user,web,control,0,0,1,6.5,43.39,5.03,2.93,1,1,0,1,12.84,9.91
PRC-00637,USR-0217,north,price_sensitive,ios,treatment,1,0,2,6.5,45.26,4.39,3.43,1,0,0,0,8.15,8.15
PRC-00638,USR-0218,south,casual,android,treatment,1,0,3,2.23,48.37,4.46,2.64,1,0,0,0,8.71,8.71
PRC-00639,USR-0219,east,power_user,web,control,0,0,4,3.24,20.6,4.22,2.66,1,1,0,1,7.93,5.27
PRC-00640,USR-0220,west,price_sensitive,ios,treatment,0,0,5,3.81,24.83,3.82,2.94,1,1,0,1,8.29,5.35
PRC-00641,USR-0221,north,casual,android,treatment,0,1,1,4.5,25.27,4.18,2.74,1,1,0,1,8.73,5.99
PRC-00642,USR-0222,south,power_user,web,treatment,0,0,2,5.31,29.39,4.67,2.82,1,1,0,1,9.96,7.14
PRC-00643,USR-0223,east,price_sensitive,ios,treatment,1,0,3,5.96,31.05,4.7,3.46,1,0,0,0,5.59,5.59
PRC-00644,USR-0224,west,casual,android,treatment,1,0,4,7.48,34.85,6.06,3.95,1,0,0,0,6.27,6.27
PRC-00645,USR-0225,north,power_user,web,control,0,0,5,2.66,39.77,3.88,2.69,1,1,0,1,11.04,8.35
PRC-00646,USR-0226,south,price_sensitive,ios,treatment,0,0,1,2.66,41.92,3.55,2.09,1,0,0,0,7.55,7.55
PRC-00647,USR-0227,east,casual,android,treatment,0,0,2,3.86,45.47,3.77,2.5,1,0,0,0,8.18,8.18
PRC-00648,USR-0228,west,power_user,web,control,0,0,3,4.71,46.31,4.72,2.84,1,0,0,0,8.34,8.34
PRC-00649,USR-0229,north,price_sensitive,ios,treatment,1,1,4,5.53,49.76,4.38,3.77,1,1,0,1,13.34,9.57
PRC-00650,USR-0230,south,casual,android,control,1,0,5,6.3,21.0,5.15,3.84,1,0,0,0,3.78,3.78
PRC-00651,USR-0231,east,power_user,web,treatment,0,0,1,7.32,22.9,4.94,3.11,1,1,1,0,4.12,4.12
PRC-00652,USR-0232,west,price_sensitive,ios,control,0,0,2,1.74,27.15,3.98,2.03,1,1,0,1,8.87,6.84
PRC-00653,USR-0233,north,casual,android,control,0,0,3,3.13,30.64,3.82,2.49,1,0,0,0,5.52,5.52
PRC-00654,USR-0234,south,power_user,web,control,0,0,4,3.22,33.45,4.35,2.66,1,0,0,0,6.02,6.02
PRC-00655,USR-0235,east,price_sensitive,ios,treatment,1,0,5,4.57,36.1,4.13,3.46,1,0,0,0,6.5,6.5
PRC-00656,USR-0236,west,casual,android,treatment,1,0,1,5.5,37.41,5.71,3.06,1,1,0,1,12.44,9.38
PRC-00657,USR-0237,north,power_user,web,treatment,0,1,2,6.16,40.39,4.01,3.26,1,1,0,1,11.28,8.02
PRC-00658,USR-0238,south,price_sensitive,ios,treatment,0,0,3,7.3,45.25,4.57,3.41,1,0,0,0,8.14,8.14
PRC-00659,USR-0239,east,casual,android,treatment,0,0,4,2.16,47.74,3.82,2.43,1,0,0,0,8.59,8.59
PRC-00660,USR-0240,west,power_user,web,treatment,0,0,5,2.51,49.03,3.96,2.65,1,1,0,1,12.79,10.14
PRC-00661,USR-0241,north,price_sensitive,ios,treatment,1,0,1,3.61,20.32,4.24,2.64,1,1,0,1,7.9,5.26
PRC-00662,USR-0242,south,casual,android,control,1,0,2,4.75,23.06,4.63,3.04,1,1,0,1,8.78,5.74
PRC-00663,USR-0243,east,power_user,web,control,0,0,3,5.44,28.06,4.56,3.0,1,1,0,1,9.61,6.61
PRC-00664,USR-0244,west,price_sensitive,ios,control,0,0,4,5.88,30.44,4.25,3.24,1,1,0,1,9.73,6.49
PRC-00665,USR-0245,north,casual,android,treatment,0,1,5,6.94,32.06,4.22,3.88,1,1,0,1,9.99,6.11
PRC-00666,USR-0246,south,power_user,web,control,0,0,1,1.76,34.76,3.98,1.89,1,1,0,1,10.24,8.35
PRC-00667,USR-0247,east,price_sensitive,ios,treatment,1,0,2,2.31,39.83,4.11,2.51,1,1,0,1,11.28,8.77
PRC-00668,USR-0248,west,casual,android,treatment,1,0,3,4.25,41.47,5.27,3.09,1,1,0,1,12.73,9.64
PRC-00669,USR-0249,north,power_user,web,treatment,0,0,4,4.55,43.55,3.96,2.95,1,0,0,0,7.84,7.84
PRC-00670,USR-0250,south,price_sensitive,ios,treatment,0,0,5,5.66,46.41,3.86,3.35,1,1,0,1,12.21,8.86
PRC-00671,USR-0251,east,casual,android,control,0,0,1,6.64,49.8,4.34,2.96,1,0,0,0,8.96,8.96
PRC-00672,USR-0252,west,power_user,web,treatment,0,0,2,6.38,19.03,4.64,3.05,1,0,0,0,3.43,3.43
PRC-00673,USR-0253,north,price_sensitive,ios,treatment,1,1,3,1.62,23.38,3.87,2.76,1,0,0,0,4.21,4.21
PRC-00674,USR-0254,south,casual,android,treatment,1,0,4,3.08,27.51,5.29,2.98,1,0,0,0,4.95,4.95
PRC-00675,USR-0255,east,power_user,web,control,0,0,5,3.5,29.31,3.7,2.87,1,1,0,1,8.98,6.11
PRC-00676,USR-0256,west,price_sensitive,ios,treatment,0,0,1,4.17,32.61,3.42,2.42,1,1,0,1,9.29,6.87
PRC-00677,USR-0257,north,casual,android,control,0,0,2,5.51,33.56,4.46,2.86,1,0,0,0,6.04,6.04
PRC-00678,USR-0258,south,power_user,web,treatment,0,0,3,6.2,39.05,4.64,3.16,1,1,0,1,11.67,8.51
PRC-00679,USR-0259,east,price_sensitive,ios,control,1,0,4,6.66,42.05,4.92,3.77,1,0,0,0,7.57,7.57
PRC-00680,USR-0260,west,casual,android,control,1,0,5,2.29,43.58,4.48,2.95,1,1,0,1,12.32,9.37
PRC-00681,USR-0261,north,power_user,web,control,0,1,1,2.95,47.89,4.39,2.4,1,1,0,1,13.01,10.61
PRC-00682,USR-0262,south,price_sensitive,ios,treatment,0,0,2,3.98,50.78,3.49,2.53,1,0,0,0,9.14,9.14
PRC-00683,USR-0263,east,casual,android,treatment,0,0,3,4.05,20.94,3.62,2.69,1,1,0,1,7.39,4.7
PRC-00684,USR-0264,west,power_user,web,treatment,0,0,4,5.6,22.97,4.71,3.18,1,1,0,1,8.84,5.66
PRC-00685,USR-0265,north,price_sensitive,ios,treatment,1,0,5,5.69,26.59,4.31,3.7,1,0,0,0,4.79,4.79
PRC-00686,USR-0266,south,casual,android,control,1,0,1,7.26,28.33,5.71,3.45,1,0,0,0,5.1,5.1
PRC-00687,USR-0267,east,power_user,web,treatment,0,0,2,2.05,34.08,3.75,2.1,1,1,0,1,9.88,7.78
PRC-00688,USR-0268,west,price_sensitive,ios,control,0,0,3,2.88,36.04,3.81,2.43,1,1,0,1,10.3,7.87
PRC-00689,USR-0269,north,casual,android,control,0,1,4,4.18,38.57,4.03,3.12,1,1,0,1,10.97,7.85
PRC-00690,USR-0270,south,power_user,web,control,0,0,5,4.58,41.34,4.14,3.11,1,1,0,1,11.58,8.47
PRC-00691,USR-0271,east,price_sensitive,ios,control,1,0,1,4.97,43.06,5.2,2.94,1,1,0,1,12.95,10.01
PRC-00692,USR-0272,west,casual,android,control,1,0,2,6.55,47.67,5.24,3.44,1,1,0,1,13.82,10.38
PRC-00693,USR-0273,north,power_user,web,treatment,0,0,3,7.03,48.62,4.91,3.35,1,0,0,0,8.75,8.75
PRC-00694,USR-0274,south,price_sensitive,ios,control,0,0,4,1.82,20.89,4.12,2.35,1,1,0,1,7.88,5.53
PRC-00695,USR-0275,east,casual,android,control,0,0,5,2.34,23.68,3.93,2.61,1,1,0,1,8.19,5.58
PRC-00696,USR-0276,west,power_user,web,treatment,0,0,1,3.75,26.73,4.46,2.32,1,1,0,1,9.27,6.95
PRC-00697,USR-0277,north,price_sensitive,ios,control,1,1,2,4.83,28.48,5.17,3.31,1,1,0,1,10.3,6.99
PRC-00698,USR-0278,south,casual,android,treatment,1,0,3,5.3,31.99,5.44,3.32,1,0,0,0,5.76,5.76
PRC-00699,USR-0279,east,power_user,web,treatment,0,0,4,5.7,35.65,4.38,3.2,1,1,0,1,10.8,7.6
PRC-00700,USR-0280,west,price_sensitive,ios,treatment,0,0,5,7.46,38.71,4.45,3.74,1,1,0,1,11.42,7.68
PRC-00701,USR-0281,north,casual,android,control,0,0,1,1.58,41.01,3.61,1.85,1,1,0,1,10.99,9.14
PRC-00702,USR-0282,south,power_user,web,treatment,0,0,2,2.86,43.46,3.81,2.28,1,1,0,1,11.63,9.35
PRC-00703,USR-0283,east,price_sensitive,ios,control,1,0,3,3.73,47.56,5.06,2.97,1,0,0,0,8.56,8.56
PRC-00704,USR-0284,west,casual,android,control,1,0,4,4.11,49.91,4.97,3.2,1,1,0,1,13.95,10.75
PRC-00705,USR-0285,north,power_user,web,treatment,0,1,5,5.15,20.81,4.63,3.48,1,1,0,1,8.38,4.9
PRC-00706,USR-0286,south,price_sensitive,ios,treatment,0,0,1,6.08,23.6,4.08,2.84,1,1,0,1,8.33,5.49
PRC-00707,USR-0287,east,casual,android,control,0,0,2,7.07,25.07,4.45,3.21,1,1,0,1,8.96,5.75
PRC-00708,USR-0288,west,power_user,web,treatment,0,0,3,1.78,28.11,3.94,2.19,1,0,0,0,5.06,5.06
PRC-00709,USR-0289,north,price_sensitive,ios,control,1,0,4,2.55,32.28,4.24,2.86,1,0,0,0,5.81,5.81
PRC-00710,USR-0290,south,casual,android,control,1,0,5,3.79,33.65,4.47,3.28,1,0,0,0,6.06,6.06
PRC-00711,USR-0291,east,power_user,web,control,0,0,1,3.97,38.4,3.94,2.37,1,1,0,1,10.85,8.48
PRC-00712,USR-0292,west,price_sensitive,ios,treatment,0,0,2,4.72,41.27,3.94,2.69,1,0,0,0,7.43,7.43
PRC-00713,USR-0293,north,casual,android,control,0,1,3,6.04,42.5,4.97,3.38,1,0,0,0,7.65,7.65
PRC-00714,USR-0294,south,power_user,web,control,0,0,4,7.02,48.01,4.97,3.49,1,0,0,0,8.64,8.64
PRC-00715,USR-0295,east,price_sensitive,ios,control,1,0,5,1.82,50.31,4.62,2.85,1,1,0,1,13.68,10.83
PRC-00716,USR-0296,west,casual,android,treatment,1,0,1,2.76,19.8,4.48,2.46,1,1,0,1,8.04,5.58
PRC-00717,USR-0297,north,power_user,web,treatment,0,0,2,3.28,23.37,3.57,2.37,1,1,0,1,7.78,5.41
PRC-00718,USR-0298,south,price_sensitive,ios,control,0,0,3,4.5,27.54,3.91,2.79,1,1,0,1,8.87,6.08
PRC-00719,USR-0299,east,casual,android,treatment,0,0,4,5.78,30.6,4.63,3.22,1,0,0,0,5.51,5.51
PRC-00720,USR-0300,west,power_user,web,treatment,0,0,5,5.55,31.9,4.37,3.32,1,1,0,1,10.11,6.79
PRC-00721,USR-0301,north,price_sensitive,ios,treatment,1,1,1,7.01,34.83,5.02,3.64,1,0,0,0,6.27,6.27
PRC-00722,USR-0302,south,casual,android,treatment,1,0,2,1.66,36.74,4.62,2.37,1,1,0,1,11.23,8.86
PRC-00723,USR-0303,east,power_user,web,control,0,0,3,2.79,42.37,3.66,2.41,1,0,0,0,7.63,7.63
PRC-00724,USR-0304,west,price_sensitive,ios,treatment,0,0,4,3.24,44.22,3.03,2.66,1,0,0,0,7.96,7.96
PRC-00725,USR-0305,north,casual,android,treatment,0,0,5,4.33,46.21,3.81,3.05,1,0,0,0,8.32,8.32
PRC-00726,USR-0306,south,power_user,web,control,0,0,1,5.21,50.99,4.26,2.65,1,1,0,1,13.44,10.79
PRC-00727,USR-0307,east,price_sensitive,ios,treatment,1,0,2,6.44,20.45,4.68,3.42,1,1,0,1,8.36,4.94
PRC-00728,USR-0308,west,casual,android,control,1,0,3,6.71,22.97,5.48,3.63,1,0,0,0,4.13,4.13
PRC-00729,USR-0309,north,power_user,web,treatment,0,1,4,2.4,27.11,3.72,2.73,1,0,0,0,4.88,4.88
PRC-00730,USR-0310,south,price_sensitive,ios,control,0,0,5,2.78,28.45,3.79,2.71,1,0,0,0,5.12,5.12
PRC-00731,USR-0311,east,casual,android,treatment,0,0,1,3.29,33.07,4.35,2.22,1,1,0,1,10.3,8.08
PRC-00732,USR-0312,west,power_user,web,control,0,0,2,4.42,36.74,3.84,2.62,1,1,0,1,10.45,7.83
PRC-00733,USR-0313,north,price_sensitive,ios,control,1,0,3,5.88,37.75,5.25,3.44,1,0,0,0,6.79,6.79
PRC-00734,USR-0314,south,casual,android,treatment,1,0,4,6.63,41.39,5.82,3.76,1,0,0,0,7.45,7.45
PRC-00735,USR-0315,east,power_user,web,control,0,0,5,7.09,42.91,4.99,3.66,1,1,1,0,7.72,7.72
PRC-00736,USR-0316,west,price_sensitive,ios,treatment,0,0,1,1.78,46.91,2.91,1.89,1,1,0,1,11.35,9.46
PRC-00737,USR-0317,north,casual,android,control,0,1,2,3.5,48.55,4.32,2.67,1,1,0,1,13.06,10.39
PRC-00738,USR-0318,south,power_user,web,treatment,0,0,3,3.98,20.81,3.67,2.68,1,1,0,1,7.42,4.74
PRC-00739,USR-0319,east,price_sensitive,ios,treatment,1,0,4,4.32,25.1,4.73,3.25,1,1,0,1,9.25,6.0
PRC-00740,USR-0320,west,casual,android,control,1,0,5,5.39,28.05,4.85,3.64,1,1,0,1,9.9,6.26
PRC-00741,USR-0321,north,power_user,web,control,0,0,1,6.64,28.73,4.91,2.96,1,0,0,0,5.17,5.17
PRC-00742,USR-0322,south,price_sensitive,ios,treatment,0,0,2,6.99,33.45,4.32,3.19,1,0,0,0,6.02,6.02
PRC-00743,USR-0323,east,casual,android,treatment,0,0,3,2.41,36.19,4.19,2.33,1,1,0,1,10.7,8.37
PRC-00744,USR-0324,west,power_user,web,treatment,0,0,4,2.44,36.5,3.39,2.49,1,1,0,1,9.96,7.47
PRC-00745,USR-0325,north,price_sensitive,ios,treatment,1,1,5,3.48,40.1,4.58,3.47,1,0,0,0,7.22,7.22
PRC-00746,USR-0326,south,casual,android,control,1,0,1,4.2,45.11,4.48,2.77,1,0,0,0,8.12,8.12
PRC-00747,USR-0327,east,power_user,web,treatment,0,0,2,5.82,45.37,4.37,2.93,1,1,0,1,12.54,9.61
PRC-00748,USR-0328,west,price_sensitive,ios,control,0,0,3,6.32,51.31,4.95,3.19,1,0,0,0,9.24,9.24
PRC-00749,USR-0329,north,casual,android,control,0,0,4,7.35,21.57,4.5,3.57,1,1,0,1,8.38,4.81
PRC-00750,USR-0330,south,power_user,web,treatment,0,0,5,1.63,22.45,4.01,2.46,1,0,0,0,4.04,4.04
PRC-00751,USR-0331,east,price_sensitive,ios,treatment,1,0,1,3.22,26.95,4.16,2.56,1,1,0,1,9.01,6.45
PRC-00752,USR-0332,west,casual,android,treatment,1,0,2,4.28,29.42,5.47,2.94,1,0,0,0,5.3,5.3
PRC-00753,USR-0333,north,power_user,web,control,0,1,3,5.0,34.05,4.14,3.15,1,1,0,1,10.27,7.12
PRC-00754,USR-0334,south,price_sensitive,ios,control,0,0,4,5.27,36.3,4.43,3.11,1,1,0,1,10.96,7.85
PRC-00755,USR-0335,east,casual,android,treatment,0,0,5,6.67,37.01,4.72,3.57,1,1,0,1,11.38,7.81
PRC-00756,USR-0336,west,power_user,web,control,0,0,1,7.0,40.04,4.54,3.04,1,1,0,1,11.75,8.71
PRC-00757,USR-0337,north,price_sensitive,ios,treatment,1,0,2,2.07,43.03,4.01,2.46,1,1,0,1,11.76,9.3
PRC-00758,USR-0338,south,casual,android,control,1,0,3,2.75,47.55,4.9,2.76,1,1,0,1,13.46,10.7
PRC-00759,USR-0339,east,power_user,web,control,0,0,4,3.37,50.02,3.69,2.69,1,1,0,1,12.69,10.0
PRC-00760,USR-0340,west,price_sensitive,ios,control,0,0,5,4.08,20.33,4.59,3.0,1,1,0,1,8.25,5.25
PRC-00761,USR-0341,north,casual,android,control,0,1,1,5.89,23.65,4.81,3.05,1,1,0,1,9.07,6.02
PRC-00762,USR-0342,south,power_user,web,treatment,0,0,2,6.17,25.85,4.51,3.01,1,1,0,1,9.16,6.15
PRC-00763,USR-0343,east,price_sensitive,ios,control,1,0,3,6.87,30.55,5.44,3.66,1,1,0,1,10.94,7.28
PRC-00764,USR-0344,west,casual,android,control,1,0,4,2.62,32.56,4.34,2.88,1,1,0,1,10.2,7.32
PRC-00765,USR-0345,north,power_user,web,treatment,0,0,5,2.54,36.87,3.87,2.66,1,1,0,1,10.51,7.85
PRC-00766,USR-0346,south,price_sensitive,ios,treatment,0,0,1,3.91,37.64,3.58,2.36,1,0,0,0,6.78,6.78
PRC-00767,USR-0347,east,casual,android,treatment,0,0,2,4.24,40.63,4.22,2.58,1,1,0,1,11.53,8.95
PRC-00768,USR-0348,west,power_user,web,treatment,0,0,3,5.46,43.38,4.39,3.0,1,0,0,0,7.81,7.81
PRC-00769,USR-0349,north,price_sensitive,ios,control,1,1,4,5.77,45.67,4.96,3.82,1,1,0,1,13.18,9.36
PRC-00770,USR-0350,south,casual,android,treatment,1,0,5,6.83,48.95,5.9,3.95,1,1,0,1,14.71,10.76
PRC-00771,USR-0351,east,power_user,web,treatment,0,0,1,1.72,20.45,3.22,1.88,1,0,0,0,3.68,3.68
PRC-00772,USR-0352,west,price_sensitive,ios,treatment,0,0,2,3.14,25.19,3.08,2.34,1,1,0,1,7.61,5.27
PRC-00773,USR-0353,north,casual,android,control,0,0,3,3.76,27.88,3.69,2.63,1,1,0,1,8.71,6.08
PRC-00774,USR-0354,south,power_user,web,control,0,0,4,4.09,28.62,4.32,2.85,1,0,0,0,5.15,5.15
PRC-00775,USR-0355,east,price_sensitive,ios,control,1,0,5,5.04,31.47,5.11,3.56,1,1,0,1,10.77,7.21
PRC-00776,USR-0356,west,casual,android,control,1,0,1,6.53,35.82,5.11,3.29,1,1,0,1,11.56,8.27
PRC-00777,USR-0357,north,power_user,web,treatment,0,1,2,6.83,37.35,4.99,3.4,1,0,0,0,6.72,6.72
PRC-00778,USR-0358,south,price_sensitive,ios,control,0,0,3,2.26,41.39,3.97,2.3,1,0,0,0,7.45,7.45
PRC-00779,USR-0359,east,casual,android,treatment,0,0,4,2.67,44.44,3.68,2.54,1,1,0,1,11.68,9.14
PRC-00780,USR-0360,west,power_user,web,control,0,0,5,3.41,46.38,3.88,2.85,1,1,0,1,12.23,9.38
PRC-00781,USR-0361,north,price_sensitive,ios,treatment,1,0,1,4.46,49.2,3.9,2.83,1,0,0,0,8.86,8.86
PRC-00782,USR-0362,south,casual,android,treatment,1,0,2,4.71,20.67,5.13,3.04,1,1,0,1,8.85,5.81
PRC-00783,USR-0363,east,power_user,web,control,0,0,3,5.99,23.21,4.57,3.12,1,1,0,1,8.75,5.63
PRC-00784,USR-0364,west,price_sensitive,ios,treatment,0,0,4,6.75,26.16,3.89,3.44,1,1,0,1,8.6,5.16
PRC-00785,USR-0365,north,casual,android,treatment,0,1,5,2.47,30.88,3.95,2.89,1,1,0,1,9.51,6.62
PRC-00786,USR-0366,south,power_user,web,treatment,0,0,1,3.32,32.05,3.65,2.23,1,1,0,1,9.42,7.19
PRC-00787,USR-0367,east,price_sensitive,ios,treatment,1,0,2,3.85,34.45,3.95,2.85,1,1,1,0,6.2,6.2
PRC-00788,USR-0368,west,casual,android,treatment,1,0,3,4.02,37.05,4.86,3.03,1,0,0,0,6.67,6.67
PRC-00789,USR-0369,north,power_user,web,treatment,0,0,4,4.88,40.11,4.21,3.02,1,1,0,1,11.43,8.41
PRC-00790,USR-0370,south,price_sensitive,ios,treatment,0,0,5,6.06,45.69,4.24,3.43,1,1,0,1,12.46,9.03
PRC-00791,USR-0371,east,casual,android,treatment,0,0,1,7.23,45.3,4.26,3.09,1,1,0,1,12.41,9.32
PRC-00792,USR-0372,west,power_user,web,treatment,0,0,2,2.49,50.86,3.45,2.2,1,0,0,0,9.15,9.15
PRC-00793,USR-0373,north,price_sensitive,ios,control,1,1,3,2.83,21.7,4.81,3.02,1,1,0,1,8.72,5.7
PRC-00794,USR-0374,south,casual,android,treatment,1,0,4,4.28,23.72,5.09,3.24,1,0,0,0,4.27,4.27
PRC-00795,USR-0375,east,power_user,web,control,0,0,5,4.65,25.93,3.86,3.12,1,0,0,0,4.67,4.67
PRC-00796,USR-0376,west,price_sensitive,ios,treatment,0,0,1,5.47,28.59,3.6,2.7,1,0,0,0,5.15,5.15
PRC-00797,USR-0377,north,casual,android,treatment,0,0,2,5.64,31.36,4.47,2.89,1,1,0,1,10.11,7.22
PRC-00798,USR-0378,south,power_user,web,control,0,0,3,7.25,33.92,4.3,3.4,1,1,0,1,10.41,7.01
PRC-00799,USR-0379,east,price_sensitive,ios,control,1,0,4,1.95,38.49,4.07,2.73,1,1,0,1,11.0,8.27
PRC-00800,USR-0380,west,casual,android,treatment,1,0,5,3.5,42.56,5.08,3.22,1,1,0,1,12.74,9.52
PRC-00801,USR-0381,north,power_user,web,treatment,0,1,1,3.25,44.97,3.68,2.46,1,0,0,0,8.09,8.09
PRC-00802,USR-0382,south,price_sensitive,ios,treatment,0,0,2,4.87,47.75,3.71,2.72,1,1,0,1,12.3,9.58
PRC-00803,USR-0383,east,casual,android,control,0,0,3,5.78,48.47,4.47,3.07,1,1,0,1,13.19,10.12
PRC-00804,USR-0384,west,power_user,web,treatment,0,0,4,5.72,19.66,4.23,3.21,1,0,0,0,3.54,3.54
PRC-00805,USR-0385,north,price_sensitive,ios,control,1,0,5,7.4,24.81,5.47,4.08,1,1,0,1,9.94,5.86
PRC-00806,USR-0386,south,casual,android,control,1,0,1,1.94,25.72,3.99,2.28,1,0,0,0,4.63,4.63
PRC-00807,USR-0387,east,power_user,web,control,0,0,2,2.32,28.35,4.18,2.16,1,0,0,0,5.1,5.1
PRC-00808,USR-0388,west,price_sensitive,ios,control,0,0,3,3.89,33.12,4.18,2.66,1,1,0,1,10.14,7.48
PRC-00809,USR-0389,north,casual,android,control,0,1,4,4.64,35.43,4.12,3.22,1,0,0,0,6.38,6.38
PRC-00810,USR-0390,south,power_user,web,control,0,0,5,4.78,38.23,4.6,3.15,1,1,0,1,11.48,8.33
PRC-00811,USR-0391,east,price_sensitive,ios,control,1,0,1,5.62,41.0,5.17,3.09,1,0,0,0,7.38,7.38
PRC-00812,USR-0392,west,casual,android,treatment,1,0,2,7.14,44.04,5.41,3.57,1,1,0,1,13.34,9.77
PRC-00813,USR-0393,north,power_user,web,control,0,0,3,1.75,48.36,3.75,2.19,1,0,0,0,8.7,8.7
PRC-00814,USR-0394,south,price_sensitive,ios,control,0,0,4,2.37,50.8,3.92,2.47,1,0,0,0,9.14,9.14
PRC-00815,USR-0395,east,casual,android,control,0,0,5,3.95,20.29,4.44,2.97,1,1,1,0,3.65,3.65
PRC-00816,USR-0396,west,power_user,web,control,0,0,1,5.03,22.96,4.76,2.61,1,1,0,1,8.89,6.28
PRC-00817,USR-0397,north,price_sensitive,ios,treatment,1,1,2,5.33,25.46,4.27,3.42,1,0,0,0,4.58,4.58
PRC-00818,USR-0398,south,casual,android,control,1,0,3,6.0,30.32,4.81,3.47,1,0,0,0,5.46,5.46
PRC-00819,USR-0399,east,power_user,web,control,0,0,4,7.1,32.21,5.06,3.51,1,1,0,1,10.86,7.35
PRC-00820,USR-0400,west,price_sensitive,ios,control,0,0,5,1.69,34.68,4.19,2.47,1,1,0,1,10.43,7.96
PRC-00821,USR-0401,north,casual,android,control,0,0,1,2.69,39.87,3.81,2.09,1,0,0,0,7.18,7.18
PRC-00822,USR-0402,south,power_user,web,control,0,0,2,3.83,41.84,4.19,2.49,1,1,0,1,11.72,9.23
PRC-00823,USR-0403,east,price_sensitive,ios,treatment,1,0,3,5.05,43.09,4.4,3.26,1,1,0,1,12.16,8.9
PRC-00824,USR-0404,west,casual,android,treatment,1,0,4,5.32,47.19,5.74,3.47,1,1,0,1,14.23,10.76
PRC-00825,USR-0405,north,power_user,web,control,0,1,5,5.53,51.0,4.73,3.57,1,0,0,0,9.18,9.18
PRC-00826,USR-0406,south,price_sensitive,ios,control,0,0,1,6.97,20.94,5.08,3.03,1,1,1,0,3.77,3.77
PRC-00827,USR-0407,east,casual,android,control,0,0,2,1.94,22.38,3.86,2.08,1,1,0,1,7.89,5.81
PRC-00828,USR-0408,west,power_user,web,control,0,0,3,3.4,26.2,4.26,2.55,1,0,0,0,4.72,4.72
PRC-00829,USR-0409,north,price_sensitive,ios,treatment,1,0,4,4.09,28.31,4.45,3.2,1,0,0,0,5.1,5.1
PRC-00830,USR-0410,south,casual,android,treatment,1,0,5,4.26,32.68,5.31,3.39,1,0,0,0,5.88,5.88
PRC-00831,USR-0411,east,power_user,web,control,0,0,1,5.63,33.7,4.32,2.74,1,0,0,0,6.07,6.07
PRC-00832,USR-0412,west,price_sensitive,ios,control,0,0,2,6.54,39.44,4.37,3.09,1,0,0,0,7.1,7.1
PRC-00833,USR-0413,north,casual,android,treatment,0,1,3,7.23,39.34,4.54,3.64,1,1,1,0,7.08,7.08
PRC-00834,USR-0414,south,power_user,web,treatment,0,0,4,2.1,42.72,3.47,2.41,1,1,0,1,11.16,8.75
PRC-00835,USR-0415,east,price_sensitive,ios,control,1,0,5,3.01,46.66,4.64,3.11,1,1,0,1,13.04,9.93
PRC-00836,USR-0416,west,casual,android,control,1,0,1,3.2,48.46,4.73,2.55,1,1,0,1,13.45,10.9
PRC-00837,USR-0417,north,power_user,web,control,0,0,2,4.83,20.76,3.98,2.71,1,1,0,1,7.72,5.01
PRC-00838,USR-0418,south,price_sensitive,ios,control,0,0,3,4.94,24.18,4.43,2.89,1,0,0,0,4.35,4.35
PRC-00839,USR-0419,east,casual,android,control,0,0,4,6.43,25.05,4.44,3.36,1,0,0,0,4.51,4.51
PRC-00840,USR-0420,west,power_user,web,control,0,0,5,6.81,30.05,4.53,3.6,1,1,0,1,9.94,6.34
PRC-00841,USR-0001,north,price_sensitive,ios,control,1,1,1,2.69,31.67,4.68,2.69,1,0,0,0,5.7,5.7
PRC-00842,USR-0002,south,casual,android,control,1,0,2,2.35,34.01,4.8,2.52,1,1,0,1,10.92,8.4
PRC-00843,USR-0003,east,power_user,web,treatment,0,0,3,3.23,39.38,3.52,2.51,1,0,0,0,7.09,7.09
PRC-00844,USR-0004,west,price_sensitive,ios,treatment,0,0,4,4.88,42.34,3.33,3.02,1,0,0,0,7.62,7.62
PRC-00845,USR-0005,north,casual,android,control,0,0,5,4.73,43.78,4.03,3.14,1,1,0,1,11.91,8.77
PRC-00846,USR-0006,south,power_user,web,treatment,0,0,1,6.08,46.01,4.64,2.84,1,1,0,1,12.92,10.08
PRC-00847,USR-0007,east,price_sensitive,ios,control,1,0,2,7.1,50.04,4.96,3.56,1,1,0,1,13.97,10.41
PRC-00848,USR-0008,west,casual,android,treatment,1,0,3,1.56,21.16,4.76,2.49,1,1,0,1,8.57,6.08
PRC-00849,USR-0009,north,power_user,web,control,0,1,4,3.09,24.88,4.32,2.88,1,1,0,1,8.8,5.92
PRC-00850,USR-0010,south,price_sensitive,ios,treatment,0,0,5,3.56,25.61,3.96,2.88,1,1,0,1,8.57,5.69
PRC-00851,USR-0011,east,casual,android,treatment,0,0,1,4.12,29.56,4.08,2.41,1,1,0,1,9.4,6.99
PRC-00852,USR-0012,west,power_user,web,control,0,0,2,5.34,31.47,4.25,2.82,1,1,0,1,9.91,7.09
PRC-00853,USR-0013,north,price_sensitive,ios,control,1,0,3,6.25,34.73,4.98,3.52,1,0,0,0,6.25,6.25
PRC-00854,USR-0014,south,casual,android,treatment,1,0,4,7.05,39.24,5.95,3.85,1,0,0,0,7.06,7.06
PRC-00855,USR-0015,east,power_user,web,treatment,0,0,5,2.17,39.4,3.53,2.58,1,1,0,1,10.62,8.04
PRC-00856,USR-0016,west,price_sensitive,ios,treatment,0,0,1,2.76,42.51,3.8,2.11,1,0,0,0,7.65,7.65
PRC-00857,USR-0017,north,casual,android,treatment,0,1,2,3.39,45.9,3.64,2.65,1,0,0,0,8.26,8.26
PRC-00858,USR-0018,south,power_user,web,treatment,0,0,3,4.55,49.15,3.9,2.8,1,1,0,1,12.75,9.95
PRC-00859,USR-0019,east,price_sensitive,ios,treatment,1,0,4,5.07,22.02,4.64,3.42,1,0,0,0,3.96,3.96
PRC-00860,USR-0020,west,casual,android,control,1,0,5,6.67,25.38,4.97,3.92,1,0,0,0,4.57,4.57
PRC-00861,USR-0021,north,power_user,web,treatment,0,0,1,6.97,25.91,5.0,3.03,1,1,0,1,9.66,6.63
PRC-00862,USR-0022,south,price_sensitive,ios,treatment,0,0,2,2.42,30.24,3.67,2.18,1,1,0,1,9.11,6.93
PRC-00863,USR-0023,east,casual,android,control,0,0,3,3.37,33.87,4.44,2.54,1,1,0,1,10.54,8.0
PRC-00864,USR-0024,west,power_user,web,control,0,0,4,4.01,34.15,4.26,2.83,1,1,0,1,10.41,7.58
PRC-00865,USR-0025,north,price_sensitive,ios,control,1,1,5,4.72,37.21,4.81,3.74,1,0,0,0,6.7,6.7
PRC-00866,USR-0026,south,casual,android,control,1,0,1,5.43,41.06,5.26,3.04,1,1,0,1,12.65,9.61
PRC-00867,USR-0027,east,power_user,web,control,0,0,2,5.73,42.68,4.05,2.91,1,0,0,0,7.68,7.68
PRC-00868,USR-0028,west,price_sensitive,ios,control,0,0,3,6.8,46.04,4.88,3.3,1,0,0,0,8.29,8.29
PRC-00869,USR-0029,north,casual,android,treatment,0,0,4,2.61,48.23,4.25,2.52,1,0,0,0,8.68,8.68
PRC-00870,USR-0030,south,power_user,web,control,0,0,5,2.85,20.14,3.73,2.73,1,1,1,0,3.63,3.63
PRC-00871,USR-0031,east,price_sensitive,ios,treatment,1,0,1,3.48,23.23,4.27,2.62,1,0,0,0,4.18,4.18
PRC-00872,USR-0032,west,casual,android,treatment,1,0,2,4.95,26.64,5.49,3.09,1,1,0,1,10.29,7.2
PRC-00873,USR-0033,north,power_user,web,treatment,0,1,3,5.9,27.85,4.42,3.35,1,1,0,1,9.43,6.08
PRC-00874,USR-0034,south,price_sensitive,ios,treatment,0,0,4,6.26,32.41,3.61,3.33,1,1,0,1,9.44,6.11
PRC-00875,USR-0035,east,casual,android,control,0,0,5,6.85,36.4,4.6,3.61,1,0,0,0,6.55,6.55
PRC-00876,USR-0036,west,power_user,web,control,0,0,1,1.67,38.21,4.04,1.87,1,1,0,1,10.92,9.05
PRC-00877,USR-0037,north,price_sensitive,ios,control,1,0,2,3.43,42.03,4.88,2.75,1,1,0,1,12.45,9.7
PRC-00878,USR-0038,south,casual,android,control,1,0,3,3.81,42.83,4.97,2.99,1,1,0,1,12.68,9.69
PRC-00879,USR-0039,east,power_user,web,control,0,0,4,4.99,47.52,4.61,3.05,1,0,0,0,8.55,8.55
PRC-00880,USR-0040,west,price_sensitive,ios,control,0,0,5,5.24,48.4,4.26,3.25,1,0,0,0,8.71,8.71
PRC-00881,USR-0041,north,casual,android,control,0,1,1,6.11,21.77,4.94,3.09,1,1,0,1,8.86,5.77
PRC-00882,USR-0042,south,power_user,web,treatment,0,0,2,6.98,25.09,4.74,3.19,1,1,0,1,9.26,6.07
PRC-00883,USR-0043,east,price_sensitive,ios,control,1,0,3,2.0,27.29,4.28,2.59,1,0,0,0,4.91,4.91
PRC-00884,USR-0044,west,casual,android,control,1,0,4,2.44,29.89,4.2,2.84,1,1,0,1,9.58,6.74
PRC-00885,USR-0045,north,power_user,web,control,0,0,5,4.13,32.21,4.22,3.01,1,1,0,1,10.02,7.01
PRC-00886,USR-0046,south,price_sensitive,ios,control,0,0,1,4.47,35.56,4.16,2.48,1,1,0,1,10.56,8.08
PRC-00887,USR-0047,east,casual,android,control,0,0,2,5.44,38.32,4.47,2.85,1,0,0,0,6.9,6.9
PRC-00888,USR-0048,west,power_user,web,control,0,0,3,6.28,39.82,4.15,3.18,1,0,0,0,7.17,7.17
PRC-00889,USR-0049,north,price_sensitive,ios,treatment,1,1,4,6.66,45.13,5.12,4.02,1,1,0,1,13.24,9.22
PRC-00890,USR-0050,south,casual,android,control,1,0,5,2.23,47.45,4.66,2.94,1,0,0,0,8.54,8.54
PRC-00891,USR-0051,east,power_user,web,treatment,0,0,1,2.85,48.62,3.92,2.13,1,0,0,0,8.75,8.75
PRC-00892,USR-0052,west,price_sensitive,ios,control,0,0,2,3.54,20.05,3.97,2.43,1,1,0,1,7.58,5.15
PRC-00893,USR-0053,north,casual,android,treatment,0,0,3,4.06,22.92,4.25,2.69,1,1,0,1,8.38,5.69
PRC-00894,USR-0054,south,power_user,web,treatment,0,0,4,5.43,27.24,3.97,3.14,1,0,0,0,4.9,4.9
PRC-00895,USR-0055,east,price_sensitive,ios,treatment,1,0,5,6.08,31.16,4.8,3.79,1,0,0,0,5.61,5.61
PRC-00896,USR-0056,west,casual,android,treatment,1,0,1,7.03,31.61,5.44,3.4,1,1,0,1,11.13,7.73
PRC-00897,USR-0057,north,power_user,web,control,0,1,2,2.18,33.95,3.85,2.38,1,1,0,1,9.96,7.58
PRC-00898,USR-0058,south,price_sensitive,ios,control,0,0,3,3.15,38.53,4.44,2.49,1,1,1,0,6.94,6.94
PRC-00899,USR-0059,east,casual,android,treatment,0,0,4,4.12,39.71,4.35,2.86,1,0,0,0,7.15,7.15
PRC-00900,USR-0060,west,power_user,web,control,0,0,5,4.57,43.37,4.39,3.11,1,1,0,1,12.2,9.09
PRC-00901,USR-0061,north,price_sensitive,ios,control,1,0,1,5.07,47.87,5.01,2.97,1,1,1,0,8.62,8.62
PRC-00902,USR-0062,south,casual,android,treatment,1,0,2,6.37,49.19,5.59,3.4,1,1,0,1,14.44,11.04
PRC-00903,USR-0063,east,power_user,web,control,0,0,3,7.11,20.18,5.09,3.36,1,0,0,0,3.63,3.63
PRC-00904,USR-0064,west,price_sensitive,ios,treatment,0,0,4,2.25,23.59,3.65,2.45,1,0,0,0,4.25,4.25
PRC-00905,USR-0065,north,casual,android,control,0,1,5,2.8,27.54,4.16,2.97,1,0,0,0,4.96,4.96
PRC-00906,USR-0066,south,power_user,web,control,0,0,1,3.48,30.24,4.1,2.27,1,1,0,1,9.54,7.27
PRC-00907,USR-0067,east,price_sensitive,ios,treatment,1,0,2,4.32,33.71,4.74,2.95,1,1,1,0,6.07,6.07
PRC-00908,USR-0068,west,casual,android,treatment,1,0,3,5.71,35.69,5.43,3.41,1,1,0,1,11.85,8.44
PRC-00909,USR-0069,north,power_user,web,treatment,0,0,4,6.35,39.03,4.32,3.35,1,1,0,1,11.35,8.0
PRC-00910,USR-0070,south,price_sensitive,ios,control,0,0,5,6.84,40.13,5.08,3.6,1,1,0,1,12.3,8.7
PRC-00911,USR-0071,east,casual,android,control,0,0,1,2.43,44.95,4.25,2.03,1,1,1,0,8.09,8.09
PRC-00912,USR-0072,west,power_user,web,control,0,0,2,2.53,46.85,4.28,2.21,1,0,0,0,8.43,8.43
PRC-00913,USR-0073,north,price_sensitive,ios,treatment,1,1,3,3.27,50.71,4.46,3.12,1,0,0,0,9.13,9.13
PRC-00914,USR-0074,south,casual,android,treatment,1,0,4,4.06,21.37,5.27,3.19,1,1,0,1,9.12,5.93
PRC-00915,USR-0075,east,power_user,web,treatment,0,0,5,5.82,21.91,4.56,3.38,1,1,0,1,8.5,5.12
PRC-00916,USR-0076,west,price_sensitive,ios,control,0,0,1,6.12,24.96,4.68,2.85,1,1,0,1,9.17,6.32
PRC-00917,USR-0077,north,casual,android,control,0,0,2,6.69,30.82,4.37,3.12,1,1,0,1,9.92,6.8
PRC-00918,USR-0078,south,power_user,web,control,0,0,3,1.68,31.01,3.54,2.17,1,1,0,1,9.12,6.95
PRC-00919,USR-0079,east,price_sensitive,ios,treatment,1,0,4,2.72,34.22,3.87,2.9,1,1,0,1,10.03,7.13
PRC-00920,USR-0080,west,casual,android,control,1,0,5,3.19,37.26,4.77,3.15,1,1,0,1,11.48,8.33
PRC-00921,USR-0081,north,power_user,web,control,0,1,1,4.71,40.95,3.93,2.79,1,1,0,1,11.3,8.51
PRC-00922,USR-0082,south,price_sensitive,ios,control,0,0,2,5.41,44.29,4.72,2.84,1,0,0,0,7.97,7.97
PRC-00923,USR-0083,east,casual,android,treatment,0,0,3,6.48,46.19,4.7,3.23,1,0,0,0,8.31,8.31
PRC-00924,USR-0084,west,power_user,web,treatment,0,0,4,7.21,51.41,4.61,3.54,1,1,0,1,13.86,10.32
PRC-00925,USR-0085,north,price_sensitive,ios,treatment,1,0,5,2.05,20.64,4.08,2.9,1,0,0,0,3.72,3.72
PRC-00926,USR-0086,south,casual,android,control,1,0,1,2.57,22.71,4.88,2.42,1,0,0,0,4.09,4.09
PRC-00927,USR-0087,east,power_user,web,treatment,0,0,2,3.94,26.17,4.2,2.52,1,0,0,0,4.71,4.71
PRC-00928,USR-0088,west,price_sensitive,ios,treatment,0,0,3,3.94,29.29,3.58,2.67,1,1,0,1,8.85,6.18
PRC-00929,USR-0089,north,casual,android,control,0,1,4,5.43,33.29,4.08,3.39,1,1,0,1,10.07,6.68
PRC-00930,USR-0090,south,power_user,web,treatment,0,0,5,6.28,34.64,4.73,3.48,1,1,0,1,10.97,7.49
PRC-00931,USR-0091,east,price_sensitive,ios,control,1,0,1,6.96,38.57,5.77,3.38,1,1,0,1,12.71,9.33
PRC-00932,USR-0092,west,casual,android,treatment,1,0,2,2.44,41.37,4.72,2.54,1,0,0,0,7.45,7.45
PRC-00933,USR-0093,north,power_user,web,treatment,0,0,3,3.1,43.03,3.52,2.48,1,0,0,0,7.75,7.75
PRC-00934,USR-0094,south,price_sensitive,ios,treatment,0,0,4,3.81,46.8,3.54,2.79,1,0,0,0,8.42,8.42
PRC-00935,USR-0095,east,casual,android,treatment,0,0,5,5.05,48.62,3.86,3.21,1,1,0,1,12.61,9.4
PRC-00936,USR-0096,west,power_user,web,treatment,0,0,1,5.29,20.33,4.44,2.66,1,1,0,1,8.1,5.44
PRC-00937,USR-0097,north,price_sensitive,ios,treatment,1,1,2,6.26,25.06,4.22,3.63,1,1,0,1,8.73,5.1
PRC-00938,USR-0098,south,casual,android,treatment,1,0,3,6.99,26.16,5.32,3.69,1,0,0,0,4.71,4.71
PRC-00939,USR-0099,east,power_user,web,control,0,0,4,2.6,29.7,3.73,2.52,1,0,0,0,5.35,5.35
PRC-00940,USR-0100,west,price_sensitive,ios,control,0,0,5,2.71,34.04,3.56,2.7,1,1,0,1,9.69,6.99
PRC-00941,USR-0101,north,casual,android,control,0,0,1,3.45,33.95,3.94,2.26,1,1,1,0,6.11,6.11
PRC-00942,USR-0102,south,power_user,web,treatment,0,0,2,4.33,39.27,4.44,2.6,1,0,0,0,7.07,7.07
PRC-00943,USR-0103,east,price_sensitive,ios,control,1,0,3,5.17,41.76,4.86,3.29,1,1,0,1,12.38,9.09
PRC-00944,USR-0104,west,casual,android,treatment,1,0,4,6.07,44.52,5.15,3.64,1,1,0,1,13.16,9.52
PRC-00945,USR-0105,north,power_user,web,treatment,0,1,5,7.5,45.64,4.84,4.0,1,1,1,0,8.22,8.22
PRC-00946,USR-0106,south,price_sensitive,ios,control,0,0,1,2.08,50.52,3.76,1.96,1,0,0,0,9.09,9.09
PRC-00947,USR-0107,east,casual,android,control,0,0,2,2.8,21.25,3.9,2.27,1,0,0,0,3.82,3.82
PRC-00948,USR-0108,west,power_user,web,treatment,0,0,3,3.32,23.39,3.95,2.53,1,1,0,1,8.16,5.63
PRC-00949,USR-0109,north,price_sensitive,ios,control,1,0,4,4.63,25.45,4.99,3.32,1,0,0,0,4.58,4.58
PRC-00950,USR-0110,south,casual,android,control,1,0,5,5.19,29.46,5.07,3.59,1,1,0,1,10.37,6.78
PRC-00951,USR-0111,east,power_user,web,treatment,0,0,1,5.64,33.07,4.34,2.74,1,0,0,0,5.95,5.95
PRC-00952,USR-0112,west,price_sensitive,ios,control,0,0,2,7.48,36.06,5.22,3.3,1,0,0,0,6.49,6.49
PRC-00953,USR-0113,north,casual,android,control,0,1,3,2.57,36.67,3.53,2.62,1,1,0,1,10.13,7.51
PRC-00954,USR-0114,south,power_user,web,treatment,0,0,4,3.06,39.57,4.16,2.62,1,1,1,0,7.12,7.12
PRC-00955,USR-0115,east,price_sensitive,ios,control,1,0,5,3.66,44.92,4.76,3.26,1,1,0,1,12.85,9.59
PRC-00956,USR-0116,west,casual,android,control,1,0,1,4.86,48.46,4.78,2.92,1,1,0,1,13.5,10.58
PRC-00957,USR-0117,north,power_user,web,treatment,0,0,2,5.38,50.54,3.91,2.83,1,1,0,1,13.01,10.18
PRC-00958,USR-0118,south,price_sensitive,ios,control,0,0,3,6.47,22.47,4.72,3.22,1,1,0,1,8.76,5.54
PRC-00959,USR-0119,east,casual,android,treatment,0,0,4,6.63,24.88,4.2,3.41,1,1,0,1,8.68,5.27
PRC-00960,USR-0120,west,power_user,web,control,0,0,5,1.71,25.19,3.83,2.48,1,1,0,1,8.36,5.88
PRC-00961,USR-0121,north,price_sensitive,ios,treatment,1,1,1,3.14,28.61,4.09,2.79,1,0,0,0,5.15,5.15
PRC-00962,USR-0122,south,casual,android,treatment,1,0,2,3.2,31.8,4.6,2.7,1,0,0,0,5.72,5.72
PRC-00963,USR-0123,east,power_user,web,control,0,0,3,5.09,35.24,4.6,2.92,1,1,0,1,10.94,8.02
PRC-00964,USR-0124,west,price_sensitive,ios,treatment,0,0,4,5.58,37.14,3.75,3.18,1,0,0,0,6.69,6.69
PRC-00965,USR-0125,north,casual,android,treatment,0,0,5,5.7,39.71,4.27,3.35,1,1,0,1,11.42,8.07
PRC-00966,USR-0126,south,power_user,web,treatment,0,0,1,6.76,44.06,4.74,2.99,1,1,0,1,12.67,9.68
PRC-00967,USR-0127,east,price_sensitive,ios,treatment,1,0,2,2.61,45.14,3.96,2.57,1,0,0,0,8.13,8.13
PRC-00968,USR-0128,west,casual,android,treatment,1,0,3,2.35,50.39,5.14,2.67,1,0,0,0,9.07,9.07
PRC-00969,USR-0129,north,power_user,web,treatment,0,1,4,4.2,20.51,4.42,3.12,1,1,0,1,8.11,4.99
PRC-00970,USR-0130,south,price_sensitive,ios,control,0,0,5,4.37,24.19,4.47,3.06,1,0,0,0,4.35,4.35
PRC-00971,USR-0131,east,casual,android,treatment,0,0,1,4.93,26.86,4.08,2.58,1,0,0,0,4.83,4.83
PRC-00972,USR-0132,west,power_user,web,control,0,0,2,6.31,29.62,4.87,3.04,1,1,0,1,10.2,7.16
PRC-00973,USR-0133,north,price_sensitive,ios,control,1,0,3,6.56,32.16,5.08,3.59,1,1,1,0,5.79,5.79
PRC-00974,USR-0134,south,casual,android,control,1,0,4,2.29,36.78,4.8,2.8,1,0,0,0,6.62,6.62
PRC-00975,USR-0135,east,power_user,web,treatment,0,0,5,2.44,38.88,4.1,2.64,1,1,0,1,11.1,8.46
PRC-00976,USR-0136,west,price_sensitive,ios,treatment,0,0,1,4.26,41.28,4.01,2.44,1,0,0,0,7.43,7.43
PRC-00977,USR-0137,north,casual,android,control,0,1,2,5.02,43.83,4.47,3.0,1,0,0,0,7.89,7.89
PRC-00978,USR-0138,south,power_user,web,control,0,0,3,5.78,46.59,4.72,3.07,1,1,0,1,13.11,10.04
PRC-00979,USR-0139,east,price_sensitive,ios,control,1,0,4,5.96,50.72,5.01,3.61,1,1,0,1,14.14,10.53
PRC-00980,USR-0140,west,casual,android,control,1,0,5,6.89,20.54,5.72,3.97,1,0,0,0,3.7,3.7
PRC-00981,USR-0141,north,power_user,web,control,0,0,1,1.67,23.62,3.98,1.87,1,1,0,1,8.23,6.36
PRC-00982,USR-0142,south,price_sensitive,ios,treatment,0,0,2,2.42,27.3,2.94,2.18,1,0,0,0,4.91,4.91
PRC-00983,USR-0143,east,casual,android,control,0,0,3,4.18,29.26,3.88,2.72,1,0,0,0,5.27,5.27
PRC-00984,USR-0144,west,power_user,web,treatment,0,0,4,4.22,32.93,4.28,2.88,1,0,0,0,5.93,5.93
PRC-00985,USR-0145,north,price_sensitive,ios,treatment,1,1,5,5.83,35.3,4.58,3.98,1,1,0,1,10.93,6.95
PRC-00986,USR-0146,south,casual,android,treatment,1,0,1,6.15,39.15,5.0,3.2,1,0,0,0,7.05,7.05
PRC-00987,USR-0147,east,power_user,web,treatment,0,0,2,6.98,40.99,4.99,3.19,1,1,0,1,12.37,9.18
PRC-00988,USR-0148,west,price_sensitive,ios,control,0,0,3,2.65,44.41,3.55,2.38,1,1,0,1,11.54,9.16
PRC-00989,USR-0149,north,casual,android,control,0,0,4,3.22,46.71,4.15,2.66,1,1,1,0,8.41,8.41
PRC-00990,USR-0150,south,power_user,web,control,0,0,5,3.94,48.67,4.51,2.97,1,0,0,0,8.76,8.76
PRC-00991,USR-0151,east,price_sensitive,ios,control,1,0,1,4.66,19.3,5.14,2.88,1,1,0,1,8.61,5.73
PRC-00992,USR-0152,west,casual,android,treatment,1,0,2,5.29,23.98,4.9,3.16,1,1,0,1,9.22,6.06
PRC-00993,USR-0153,north,power_user,web,treatment,0,1,3,6.04,27.72,4.87,3.38,1,1,1,0,4.99,4.99
PRC-00994,USR-0154,south,price_sensitive,ios,treatment,0,0,4,6.44,27.85,4.33,3.37,1,0,0,0,5.01,5.01
PRC-00995,USR-0155,east,casual,android,control,0,0,5,2.55,32.97,3.58,2.66,1,1,0,1,9.51,6.85
PRC-00996,USR-0156,west,power_user,web,control,0,0,1,3.08,34.0,3.97,2.18,1,0,0,0,6.12,6.12
PRC-00997,USR-0157,north,price_sensitive,ios,control,1,0,2,3.26,38.85,4.38,2.72,1,1,0,1,11.37,8.65
PRC-00998,USR-0158,south,casual,android,treatment,1,0,3,4.1,40.9,5.16,3.05,1,0,0,0,7.36,7.36
PRC-00999,USR-0159,east,power_user,web,control,0,0,4,5.66,43.94,4.21,3.2,1,0,0,0,7.91,7.91
PRC-01000,USR-0160,west,price_sensitive,ios,control,0,0,5,6.68,47.94,4.8,3.57,1,1,0,1,13.43,9.86
PRC-01001,USR-0161,north,casual,android,treatment,0,1,1,7.3,48.48,4.92,3.36,1,0,0,0,8.73,8.73
PRC-01002,USR-0162,south,power_user,web,treatment,0,0,2,1.64,20.17,3.31,2.01,1,1,0,1,6.94,4.93
PRC-01003,USR-0163,east,price_sensitive,ios,treatment,1,0,3,3.41,23.44,3.74,2.9,1,1,0,1,7.96,5.06
PRC-01004,USR-0164,west,casual,android,treatment,1,0,4,3.12,27.52,4.89,2.99,1,1,0,1,9.84,6.85
PRC-01005,USR-0165,north,power_user,web,control,0,0,5,4.96,29.98,4.26,3.19,1,0,0,0,5.4,5.4
PRC-01006,USR-0166,south,price_sensitive,ios,treatment,0,0,1,4.95,33.02,3.91,2.59,1,1,0,1,9.85,7.26
PRC-01007,USR-0167,east,casual,android,treatment,0,0,2,5.55,35.64,4.05,2.87,1,1,0,1,10.47,7.6
PRC-01008,USR-0168,west,power_user,web,treatment,0,0,3,6.72,39.14,4.1,3.28,1,1,0,1,11.15,7.87
PRC-01009,USR-0169,north,price_sensitive,ios,treatment,1,1,4,1.93,39.63,4.12,2.97,1,0,0,0,7.13,7.13
PRC-01010,USR-0170,south,casual,android,control,1,0,5,3.09,44.9,4.44,3.13,1,1,0,1,12.52,9.39
PRC-01011,USR-0171,east,power_user,web,treatment,0,0,1,3.67,48.49,3.71,2.31,1,0,0,0,8.73,8.73
PRC-01012,USR-0172,west,price_sensitive,ios,control,0,0,2,4.24,50.26,4.14,2.58,1,1,0,1,13.19,10.61
PRC-01013,USR-0173,north,casual,android,treatment,0,0,3,5.59,19.15,4.73,3.03,1,1,0,1,8.18,5.15
PRC-01014,USR-0174,south,power_user,web,control,0,0,4,6.57,22.31,4.82,3.4,1,1,0,1,8.84,5.44
PRC-01015,USR-0175,east,price_sensitive,ios,control,1,0,5,6.69,27.17,5.55,3.92,1,1,0,1,10.44,6.52
PRC-01016,USR-0176,west,casual,android,treatment,1,0,1,1.95,30.74,4.44,2.28,1,1,0,1,9.97,7.69
PRC-01017,USR-0177,north,power_user,web,treatment,0,1,2,3.41,31.11,3.91,2.65,1,1,0,1,9.51,6.86
PRC-01018,USR-0178,south,price_sensitive,ios,treatment,0,0,3,4.27,35.71,3.39,2.74,1,1,0,1,9.82,7.08
PRC-01019,USR-0179,east,casual,android,control,0,0,4,4.92,36.88,4.29,3.03,1,1,0,1,10.93,7.9
PRC-01020,USR-0180,west,power_user,web,treatment,0,0,5,5.65,41.41,4.48,3.34,1,1,0,1,11.93,8.59
PRC-01021,USR-0181,north,price_sensitive,ios,treatment,1,0,1,5.6,45.19,4.87,3.08,1,1,0,1,13.0,9.92
PRC-01022,USR-0182,south,casual,android,treatment,1,0,2,6.64,48.03,5.74,3.46,1,0,0,0,8.65,8.65
PRC-01023,USR-0183,east,power_user,web,control,0,0,3,2.2,49.15,4.19,2.28,1,1,0,1,13.04,10.76
PRC-01024,USR-0184,west,price_sensitive,ios,treatment,0,0,4,3.48,19.02,3.1,2.72,1,1,0,1,6.52,3.8
PRC-01025,USR-0185,north,casual,android,control,0,1,5,3.68,23.76,4.37,3.16,1,0,0,0,4.28,4.28
PRC-01026,USR-0186,south,power_user,web,control,0,0,1,4.57,25.64,3.82,2.51,1,0,0,0,4.62,4.62
PRC-01027,USR-0187,east,price_sensitive,ios,treatment,1,0,2,5.05,28.16,4.58,3.11,1,1,0,1,9.65,6.54
PRC-01028,USR-0188,west,casual,android,control,1,0,3,6.53,33.06,5.49,3.59,1,1,0,1,11.44,7.85
PRC-01029,USR-0189,north,power_user,web,treatment,0,0,4,6.79,36.56,4.82,3.44,1,1,0,1,11.4,7.96
PRC-01030,USR-0190,south,price_sensitive,ios,treatment,0,0,5,1.58,39.41,3.53,2.45,1,1,1,0,7.09,7.09
PRC-01031,USR-0191,east,casual,android,control,0,0,1,3.44,40.24,4.1,2.26,1,0,0,0,7.24,7.24
PRC-01032,USR-0192,west,power_user,web,treatment,0,0,2,4.16,42.48,4.3,2.57,1,1,0,1,11.95,9.38
PRC-01033,USR-0193,north,price_sensitive,ios,treatment,1,1,3,4.03,48.21,4.14,3.29,1,0,0,0,8.68,8.68
PRC-01034,USR-0194,south,casual,android,control,1,0,4,5.37,48.61,4.67,3.48,1,0,0,0,8.75,8.75
PRC-01035,USR-0195,east,power_user,web,control,0,0,5,5.79,22.43,4.13,3.37,1,1,0,1,8.17,4.8
PRC-01036,USR-0196,west,price_sensitive,ios,treatment,0,0,1,6.55,25.26,4.29,2.94,1,1,0,1,8.84,5.9
PRC-01037,USR-0197,north,casual,android,control,0,0,2,1.83,27.18,3.38,2.05,1,1,0,1,8.27,6.22
PRC-01038,USR-0198,south,power_user,web,treatment,0,0,3,3.15,28.13,4.07,2.49,1,1,0,1,9.13,6.64
PRC-01039,USR-0199,east,price_sensitive,ios,treatment,1,0,4,4.23,33.4,4.58,3.23,1,0,0,0,6.01,6.01
PRC-01040,USR-0200,west,casual,android,control,1,0,5,4.45,36.62,4.51,3.43,1,0,0,0,6.59,6.59
PRC-01041,USR-0201,north,power_user,web,control,0,1,1,4.83,39.75,4.11,2.81,1,0,0,0,7.15,7.15
PRC-01042,USR-0202,south,price_sensitive,ios,control,0,0,2,6.12,42.36,4.66,3.0,1,1,0,1,12.28,9.28
PRC-01043,USR-0203,east,casual,android,treatment,0,0,3,6.72,42.66,4.5,3.28,1,0,0,0,7.68,7.68
PRC-01044,USR-0204,west,power_user,web,control,0,0,4,2.55,45.32,3.66,2.51,1,0,0,0,8.16,8.16
PRC-01045,USR-0205,north,price_sensitive,ios,treatment,1,0,5,2.71,49.44,4.16,3.05,1,1,0,1,13.06,10.01
PRC-01046,USR-0206,south,casual,android,treatment,1,0,1,3.63,21.95,4.82,2.65,1,1,0,1,8.77,6.12
PRC-01047,USR-0207,east,power_user,web,control,0,0,2,4.48,22.81,4.67,2.64,1,0,0,0,4.11,4.11
PRC-01048,USR-0208,west,price_sensitive,ios,control,0,0,3,5.25,26.04,4.08,2.96,1,0,0,0,4.69,4.69
PRC-01049,USR-0209,north,casual,android,treatment,0,1,4,6.67,28.7,4.85,3.67,1,0,0,0,5.17,5.17
PRC-01050,USR-0210,south,power_user,web,treatment,0,0,5,6.59,31.14,4.11,3.55,1,1,0,1,9.72,6.17
PRC-01051,USR-0211,east,price_sensitive,ios,control,1,0,1,2.17,34.15,4.06,2.33,1,1,0,1,10.21,7.88
PRC-01052,USR-0212,west,casual,android,control,1,0,2,2.5,38.29,4.36,2.55,1,0,0,0,6.89,6.89
PRC-01053,USR-0213,north,power_user,web,control,0,0,3,3.27,41.05,3.99,2.52,1,1,1,0,7.39,7.39
PRC-01054,USR-0214,south,price_sensitive,ios,treatment,0,0,4,4.3,45.61,3.85,2.9,1,1,0,1,12.06,9.16
PRC-01055,USR-0215,east,casual,android,treatment,0,0,5,5.39,48.53,3.99,3.29,1,1,0,1,12.73,9.44
PRC-01056,USR-0216,west,power_user,web,control,0,0,1,6.38,50.41,4.95,2.9,1,1,0,1,14.02,11.12
PRC-01057,USR-0217,north,price_sensitive,ios,control,1,1,2,7.31,20.41,5.36,3.86,1,1,1,0,3.67,3.67
PRC-01058,USR-0218,south,casual,android,treatment,1,0,3,1.77,23.94,5.05,2.54,1,1,1,0,4.31,4.31
PRC-01059,USR-0219,east,power_user,web,treatment,0,0,4,3.11,26.36,3.53,2.63,1,1,0,1,8.27,5.64
PRC-01060,USR-0220,west,price_sensitive,ios,control,0,0,5,4.23,29.82,4.57,3.03,1,1,0,1,9.94,6.91
PRC-01061,USR-0221,north,casual,android,treatment,0,0,1,4.35,31.89,3.93,2.46,1,1,0,1,9.67,7.21
PRC-01062,USR-0222,south,power_user,web,treatment,0,0,2,5.57,33.81,4.29,2.88,1,0,0,0,6.09,6.09
PRC-01063,USR-0223,east,price_sensitive,ios,treatment,1,0,3,6.47,37.41,5.13,3.57,1,1,0,1,11.86,8.29
PRC-01064,USR-0224,west,casual,android,control,1,0,4,6.4,41.36,4.98,3.71,1,1,0,1,12.42,8.71
PRC-01065,USR-0225,north,power_user,web,treatment,0,1,5,2.65,42.43,4.05,2.93,1,1,0,1,11.69,8.76
PRC-01066,USR-0226,south,price_sensitive,ios,treatment,0,0,1,2.97,46.55,3.61,2.15,1,0,0,0,8.38,8.38
PRC-01067,USR-0227,east,casual,android,control,0,0,2,3.56,48.65,4.13,2.43,1,1,0,1,12.89,10.46
PRC-01068,USR-0228,west,power_user,web,treatment,0,0,3,4.57,20.06,4.13,2.81,1,1,1,0,3.61,3.61
PRC-01069,USR-0229,north,price_sensitive,ios,control,1,0,4,5.7,25.25,5.09,3.55,1,0,0,0,4.54,4.54
PRC-01070,USR-0230,south,casual,android,treatment,1,0,5,6.09,26.26,5.61,3.79,1,1,0,1,10.34,6.55
PRC-01071,USR-0231,east,power_user,web,control,0,0,1,6.38,31.18,4.81,2.9,1,1,0,1,10.42,7.52
PRC-01072,USR-0232,west,price_sensitive,ios,treatment,0,0,2,2.07,32.8,3.44,2.11,1,1,0,1,9.34,7.23
PRC-01073,USR-0233,north,casual,android,treatment,0,1,3,2.5,36.46,3.39,2.6,1,1,0,1,9.95,7.35
PRC-01074,USR-0234,south,power_user,web,control,0,0,4,3.43,36.97,3.98,2.7,1,0,0,0,6.65,6.65
PRC-01075,USR-0235,east,price_sensitive,ios,control,1,0,5,4.54,40.31,5.3,3.45,1,0,0,0,7.26,7.26
PRC-01076,USR-0236,west,casual,android,treatment,1,0,1,4.81,42.84,5.43,2.91,1,0,0,0,7.71,7.71
PRC-01077,USR-0237,north,power_user,web,treatment,0,0,2,6.32,47.99,4.3,3.04,1,0,0,0,8.64,8.64
PRC-01078,USR-0238,south,price_sensitive,ios,treatment,0,0,3,7.0,48.34,4.44,3.34,1,1,0,1,13.14,9.8
PRC-01079,USR-0239,east,casual,android,control,0,0,4,1.91,20.7,4.15,2.37,1,1,0,1,7.88,5.51
PRC-01080,USR-0240,west,power_user,web,control,0,0,5,3.38,22.56,4.15,2.84,1,0,0,0,4.06,4.06
PRC-01081,USR-0241,north,price_sensitive,ios,treatment,1,1,1,3.76,26.66,4.45,2.93,1,1,0,1,9.25,6.32
PRC-01082,USR-0242,south,casual,android,control,1,0,2,5.01,30.57,4.97,3.1,1,1,0,1,10.47,7.37
PRC-01083,USR-0243,east,power_user,web,treatment,0,0,3,5.42,33.71,4.55,2.99,1,1,0,1,10.62,7.63
PRC-01084,USR-0244,west,price_sensitive,ios,control,0,0,4,5.77,36.35,4.8,3.22,1,1,0,1,11.34,8.12
PRC-01085,USR-0245,north,casual,android,control,0,0,5,6.39,36.86,4.76,3.51,1,0,0,0,6.63,6.63
PRC-01086,USR-0246,south,power_user,web,control,0,0,1,2.41,42.01,3.46,2.03,1,1,0,1,11.02,8.99
PRC-01087,USR-0247,east,price_sensitive,ios,treatment,1,0,2,2.44,42.41,3.76,2.54,1,1,0,1,11.39,8.85
PRC-01088,USR-0248,west,casual,android,treatment,1,0,3,4.2,47.84,4.83,3.07,1,0,0,0,8.61,8.61
PRC-01089,USR-0249,north,power_user,web,control,0,1,4,4.01,49.23,4.47,3.08,1,0,0,0,8.86,8.86
PRC-01090,USR-0250,south,price_sensitive,ios,treatment,0,0,5,4.89,20.22,3.77,3.18,1,0,0,0,3.64,3.64
PRC-01091,USR-0251,east,casual,android,control,0,0,1,5.62,23.9,4.52,2.74,1,1,0,1,8.82,6.08
PRC-01092,USR-0252,west,power_user,web,control,0,0,2,7.38,25.79,4.8,3.27,1,0,0,0,4.64,4.64
PRC-01093,USR-0253,north,price_sensitive,ios,control,1,0,3,2.11,28.45,4.66,2.61,1,1,0,1,9.78,7.17
PRC-01094,USR-0254,south,casual,android,control,1,0,4,2.52,33.95,4.41,2.85,1,1,0,1,10.52,7.67
PRC-01095,USR-0255,east,power_user,web,control,0,0,5,4.28,33.89,3.87,3.04,1,1,0,1,9.97,6.93
PRC-01096,USR-0256,west,price_sensitive,ios,treatment,0,0,1,4.57,38.87,3.3,2.51,1,1,0,1,10.3,7.79
PRC-01097,USR-0257,north,casual,android,control,0,1,2,5.07,41.4,4.78,3.02,1,1,0,1,12.23,9.21
PRC-01098,USR-0258,south,power_user,web,control,0,0,3,5.73,45.19,4.08,3.06,1,0,0,0,8.13,8.13
PRC-01099,USR-0259,east,price_sensitive,ios,control,1,0,4,6.52,47.48,5.71,3.73,1,0,0,0,8.55,8.55
PRC-01100,USR-0260,west,casual,android,control,1,0,5,2.29,49.53,4.13,2.95,1,1,0,1,13.05,10.1
PRC-01101,USR-0261,north,power_user,web,treatment,0,0,1,3.41,19.36,4.38,2.25,1,1,0,1,7.86,5.61
PRC-01102,USR-0262,south,price_sensitive,ios,control,0,0,2,4.29,23.98,3.87,2.59,1,0,0,0,4.32,4.32
PRC-01103,USR-0263,east,casual,android,treatment,0,0,3,4.76,25.77,4.27,2.85,1,1,0,1,8.91,6.06
PRC-01104,USR-0264,west,power_user,web,treatment,0,0,4,5.27,29.1,4.38,3.11,1,1,0,1,9.62,6.51
PRC-01105,USR-0265,north,price_sensitive,ios,control,1,1,5,5.63,33.29,4.88,3.94,1,1,0,1,10.87,6.93
PRC-01106,USR-0266,south,casual,android,control,1,0,1,6.36,33.85,4.85,3.25,1,0,0,0,6.09,6.09
PRC-01107,USR-0267,east,power_user,web,treatment,0,0,2,2.32,37.74,3.45,2.16,1,1,0,1,10.24,8.08
PRC-01108,USR-0268,west,price_sensitive,ios,control,0,0,3,3.22,41.93,4.28,2.51,1,1,0,1,11.83,9.32
PRC-01109,USR-0269,north,casual,android,control,0,0,4,3.51,43.12,4.4,2.72,1,1,0,1,12.16,9.44
PRC-01110,USR-0270,south,power_user,web,control,0,0,5,5.0,46.61,4.24,3.2,1,1,0,1,12.63,9.43
PRC-01111,USR-0271,east,price_sensitive,ios,control,1,0,1,5.37,48.12,5.38,3.03,1,1,0,1,14.04,11.01
PRC-01112,USR-0272,west,casual,android,control,1,0,2,6.36,19.47,5.22,3.4,1,1,0,1,8.72,5.32
PRC-01113,USR-0273,north,power_user,web,treatment,0,1,3,6.99,24.3,4.58,3.59,1,0,0,0,4.37,4.37
PRC-01114,USR-0274,south,price_sensitive,ios,treatment,0,0,4,2.09,26.17,3.69,2.41,1,0,0,0,4.71,4.71
PRC-01115,USR-0275,east,casual,android,control,0,0,5,2.68,31.12,3.5,2.69,1,1,0,1,9.1,6.41
PRC-01116,USR-0276,west,power_user,web,control,0,0,1,3.13,33.2,4.36,2.19,1,1,0,1,10.34,8.15
PRC-01117,USR-0277,north,price_sensitive,ios,control,1,0,2,4.32,34.75,5.01,2.95,1,1,0,1,11.27,8.32
PRC-01118,USR-0278,south,casual,android,treatment,1,0,3,4.78,39.59,5.02,3.2,1,1,1,0,7.13,7.13
PRC-01119,USR-0279,east,power_user,web,control,0,0,4,6.54,40.91,4.68,3.39,1,0,0,0,7.36,7.36
PRC-01120,USR-0280,west,price_sensitive,ios,control,0,0,5,7.01,44.64,5.14,3.64,1,1,0,1,13.18,9.54
PRC-01121,USR-0281,north,casual,android,treatment,0,1,1,1.62,47.93,3.79,2.11,1,1,0,1,12.42,10.31
PRC-01122,USR-0282,south,power_user,web,treatment,0,0,2,3.04,49.19,3.76,2.32,1,1,0,1,12.61,10.29
PRC-01123,USR-0283,east,price_sensitive,ios,treatment,1,0,3,4.11,21.76,4.31,3.05,1,1,1,0,3.92,3.92
PRC-01124,USR-0284,west,casual,android,treatment,1,0,4,4.17,23.31,5.31,3.22,1,1,0,1,9.51,6.29
PRC-01125,USR-0285,north,power_user,web,control,0,0,5,4.78,25.98,4.57,3.15,1,1,0,1,9.25,6.1
PRC-01126,USR-0286,south,price_sensitive,ios,treatment,0,0,1,5.86,29.98,4.22,2.79,1,1,0,1,9.62,6.83
PRC-01127,USR-0287,east,casual,android,control,0,0,2,7.05,32.01,4.67,3.2,1,0,0,0,5.76,5.76
PRC-01128,USR-0288,west,power_user,web,control,0,0,3,2.34,33.57,4.19,2.31,1,1,0,1,10.23,7.92
PRC-01129,USR-0289,north,price_sensitive,ios,treatment,1,1,4,2.86,39.0,4.45,3.18,1,0,0,0,7.02,7.02
PRC-01130,USR-0290,south,casual,android,treatment,1,0,5,3.62,41.99,5.05,3.25,1,0,0,0,7.56,7.56
PRC-01131,USR-0291,east,power_user,web,treatment,0,0,1,4.08,43.47,3.76,2.4,1,0,0,0,7.82,7.82
PRC-01132,USR-0292,west,price_sensitive,ios,control,0,0,2,5.08,46.62,4.65,2.77,1,1,0,1,13.04,10.27
PRC-01133,USR-0293,north,casual,android,control,0,0,3,6.28,50.88,4.35,3.18,1,0,0,0,9.16,9.16
PRC-01134,USR-0294,south,power_user,web,control,0,0,4,6.53,19.4,4.39,3.39,1,0,0,0,3.49,3.49
PRC-01135,USR-0295,east,price_sensitive,ios,control,1,0,5,2.02,23.86,4.59,2.89,1,1,0,1,8.88,5.99
PRC-01136,USR-0296,west,casual,android,control,1,0,1,3.26,25.7,4.82,2.57,1,1,0,1,9.45,6.88
PRC-01137,USR-0297,north,power_user,web,treatment,0,1,2,3.12,29.4,4.23,2.59,1,1,0,1,9.52,6.93
PRC-01138,USR-0298,south,price_sensitive,ios,treatment,0,0,3,4.39,33.75,3.56,2.77,1,0,0,0,6.08,6.08
PRC-01139,USR-0299,east,casual,android,control,0,0,4,5.57,36.8,4.12,3.18,1,1,0,1,10.74,7.56
PRC-01140,USR-0300,west,power_user,web,treatment,0,0,5,6.49,38.23,4.91,3.53,1,0,0,0,6.88,6.88
PRC-01141,USR-0301,north,price_sensitive,ios,control,1,0,1,6.59,42.4,4.94,3.3,1,0,0,0,7.63,7.63
PRC-01142,USR-0302,south,casual,android,control,1,0,2,1.97,44.25,4.67,2.43,1,1,0,1,12.63,10.2
PRC-01143,USR-0303,east,power_user,web,control,0,0,3,3.46,45.71,4.01,2.56,1,1,0,1,12.24,9.68
PRC-01144,USR-0304,west,price_sensitive,ios,control,0,0,4,4.24,49.31,4.04,2.88,1,1,0,1,12.92,10.04
PRC-01145,USR-0305,north,casual,android,treatment,0,1,5,5.02,22.08,4.12,3.45,1,0,0,0,3.97,3.97
PRC-01146,USR-0306,south,power_user,web,treatment,0,0,1,5.86,21.97,4.49,2.79,1,0,0,0,3.95,3.95
PRC-01147,USR-0307,east,price_sensitive,ios,treatment,1,0,2,6.33,28.09,4.94,3.39,1,1,0,1,10.0,6.61
PRC-01148,USR-0308,west,casual,android,control,1,0,3,6.74,31.05,5.58,3.63,1,1,0,1,11.17,7.54
PRC-01149,USR-0309,north,power_user,web,treatment,0,0,4,2.59,31.96,3.71,2.52,1,0,0,0,5.75,5.75
PRC-01150,USR-0310,south,price_sensitive,ios,control,0,0,5,3.29,33.82,3.79,2.82,1,1,0,1,9.88,7.06
PRC-01151,USR-0311,east,casual,android,treatment,0,0,1,4.16,38.61,4.33,2.42,1,1,1,0,6.95,6.95
PRC-01152,USR-0312,west,power_user,web,treatment,0,0,2,5.03,42.18,4.22,2.76,1,1,0,1,11.81,9.05
PRC-01153,USR-0313,north,price_sensitive,ios,treatment,1,1,3,5.68,45.27,4.85,3.65,1,0,0,0,8.15,8.15
PRC-01154,USR-0314,south,casual,android,treatment,1,0,4,6.22,46.33,5.74,3.67,1,0,0,0,8.34,8.34
PRC-01155,USR-0315,east,power_user,web,control,0,0,5,6.36,48.1,4.71,3.5,1,0,0,0,8.66,8.66
PRC-01156,USR-0316,west,price_sensitive,ios,treatment,0,0,1,1.98,19.48,3.36,1.94,1,1,0,1,6.87,4.93
PRC-01157,USR-0317,north,casual,android,control,0,0,2,3.46,23.71,4.36,2.41,1,0,0,0,4.27,4.27
PRC-01158,USR-0318,south,power_user,web,treatment,0,0,3,4.05,27.2,3.91,2.69,1,1,0,1,8.81,6.12
PRC-01159,USR-0319,east,price_sensitive,ios,control,1,0,4,4.89,30.11,5.24,3.38,1,1,0,1,10.66,7.28
PRC-01160,USR-0320,west,casual,android,control,1,0,5,5.83,33.67,5.49,3.73,1,1,0,1,11.55,7.82
PRC-01161,USR-0321,north,power_user,web,treatment,0,1,1,6.25,35.76,4.83,3.12,1,0,0,0,6.44,6.44
PRC-01162,USR-0322,south,price_sensitive,ios,control,0,0,2,6.5,38.85,4.52,3.08,1,1,0,1,11.51,8.43
PRC-01163,USR-0323,east,casual,android,control,0,0,3,2.64,40.59,3.57,2.38,1,0,0,0,7.31,7.31
PRC-01164,USR-0324,west,power_user,web,control,0,0,4,2.84,45.42,4.11,2.57,1,1,0,1,12.29,9.72
PRC-01165,USR-0325,north,price_sensitive,ios,control,1,0,5,4.04,48.12,4.63,3.34,1,1,0,1,13.29,9.95
PRC-01166,USR-0326,south,casual,android,treatment,1,0,1,5.09,50.1,5.06,2.97,1,0,0,0,9.02,9.02
PRC-01167,USR-0327,east,power_user,web,control,0,0,2,4.88,20.43,4.13,2.72,1,1,0,1,7.81,5.09
PRC-01168,USR-0328,west,price_sensitive,ios,treatment,0,0,3,6.32,23.19,3.99,3.19,1,1,0,1,8.16,4.97
PRC-01169,USR-0329,north,casual,android,control,0,1,4,7.12,27.23,4.91,3.77,1,0,0,0,4.9,4.9
PRC-01170,USR-0330,south,power_user,web,treatment,0,0,5,1.61,28.6,3.23,2.45,1,1,0,1,8.38,5.93
PRC-01171,USR-0331,east,price_sensitive,ios,treatment,1,0,1,3.43,34.09,4.58,2.6,1,0,0,0,6.14,6.14
PRC-01172,USR-0332,west,casual,android,treatment,1,0,2,3.4,33.66,5.06,2.75,1,1,0,1,11.12,8.37
PRC-01173,USR-0333,north,power_user,web,control,0,0,3,4.57,39.79,4.34,2.81,1,1,0,1,11.5,8.69
PRC-01174,USR-0334,south,price_sensitive,ios,treatment,0,0,4,4.86,42.37,3.6,3.02,1,1,0,1,11.23,8.21
PRC-01175,USR-0335,east,casual,android,control,0,0,5,5.65,42.35,4.79,3.34,1,0,0,0,7.62,7.62
PRC-01176,USR-0336,west,power_user,web,treatment,0,0,1,6.64,48.34,4.87,2.96,1,1,0,1,13.57,10.61
PRC-01177,USR-0337,north,price_sensitive,ios,control,1,1,2,2.57,49.1,4.39,2.82,1,0,0,0,8.84,8.84
PRC-01178,USR-0338,south,casual,android,treatment,1,0,3,3.32,19.53,5.08,2.88,1,0,0,0,3.52,3.52
PRC-01179,USR-0339,east,power_user,web,control,0,0,4,3.38,22.42,3.63,2.69,1,1,0,1,7.67,4.98
PRC-01180,USR-0340,west,price_sensitive,ios,control,0,0,5,5.01,28.28,3.93,3.2,1,1,0,1,9.02,5.82
PRC-01181,USR-0341,north,casual,android,control,0,0,1,5.72,29.43,4.8,2.76,1,1,0,1,10.1,7.34
PRC-01182,USR-0342,south,power_user,web,treatment,0,0,2,5.7,31.23,4.37,2.9,1,1,0,1,9.99,7.09
PRC-01183,USR-0343,east,price_sensitive,ios,treatment,1,0,3,7.47,35.54,4.91,3.79,1,0,0,0,6.4,6.4
PRC-01184,USR-0344,west,casual,android,control,1,0,4,2.42,36.67,4.68,2.83,1,0,0,0,6.6,6.6
PRC-01185,USR-0345,north,power_user,web,control,0,1,5,3.12,41.68,3.91,3.04,1,1,0,1,11.41,8.37
PRC-01186,USR-0346,south,price_sensitive,ios,treatment,0,0,1,3.2,42.74,3.76,2.2,1,0,0,0,7.69,7.69
PRC-01187,USR-0347,east,casual,android,control,0,0,2,4.61,48.44,3.83,2.66,1,0,0,0,8.72,8.72
PRC-01188,USR-0348,west,power_user,web,treatment,0,0,3,5.09,51.33,4.46,2.92,1,0,0,0,9.24,9.24
PRC-01189,USR-0349,north,price_sensitive,ios,treatment,1,0,4,5.75,20.99,4.17,3.57,1,0,0,0,3.78,3.78
PRC-01190,USR-0350,south,casual,android,control,1,0,5,6.38,22.09,5.65,3.85,1,1,0,1,9.63,5.78
PRC-01191,USR-0351,east,power_user,web,control,0,0,1,2.54,28.18,3.53,2.06,1,0,0,0,5.07,5.07
PRC-01192,USR-0352,west,price_sensitive,ios,control,0,0,2,2.64,30.43,4.14,2.23,1,0,0,0,5.48,5.48
PRC-01193,USR-0353,north,casual,android,control,0,1,3,3.62,32.32,4.37,2.85,1,1,0,1,10.19,7.34
PRC-01194,USR-0354,south,power_user,web,control,0,0,4,4.9,35.83,4.33,3.03,1,1,0,1,10.78,7.75
PRC-01195,USR-0355,east,price_sensitive,ios,control,1,0,5,5.21,38.37,5.26,3.6,1,0,0,0,6.91,6.91
PRC-01196,USR-0356,west,casual,android,treatment,1,0,1,6.01,40.82,5.01,3.17,1,1,0,1,12.36,9.19
PRC-01197,USR-0357,north,power_user,web,control,0,0,2,6.49,44.6,4.6,3.08,1,0,0,0,8.03,8.03
PRC-01198,USR-0358,south,price_sensitive,ios,treatment,0,0,3,2.02,46.12,3.62,2.24,1,1,0,1,11.92,9.68
PRC-01199,USR-0359,east,casual,android,control,0,0,4,3.31,51.16,4.06,2.68,1,1,1,0,9.21,9.21
PRC-01200,USR-0360,west,power_user,web,control,0,0,5,3.23,19.16,3.95,2.81,1,1,0,1,7.4,4.59
PRC-01201,USR-0361,north,price_sensitive,ios,treatment,1,1,1,4.21,22.79,3.92,3.03,1,1,0,1,8.02,4.99
PRC-01202,USR-0362,south,casual,android,treatment,1,0,2,4.92,25.43,5.13,3.08,1,1,0,1,9.71,6.63
PRC-01203,USR-0363,east,power_user,web,control,0,0,3,6.05,29.76,4.68,3.13,1,0,0,0,5.36,5.36
PRC-01204,USR-0364,west,price_sensitive,ios,control,0,0,4,7.35,33.98,4.48,3.57,1,1,0,1,10.6,7.03
PRC-01205,USR-0365,north,casual,android,treatment,0,0,5,1.63,36.55,3.66,2.46,1,1,0,1,10.24,7.78
PRC-01206,USR-0366,south,power_user,web,control,0,0,1,3.13,38.07,4.34,2.19,1,0,0,0,6.85,6.85
PRC-01207,USR-0367,east,price_sensitive,ios,treatment,1,0,2,3.84,41.0,4.66,2.84,1,1,0,1,12.04,9.2
PRC-01208,USR-0368,west,casual,android,treatment,1,0,3,4.26,43.58,4.77,3.09,1,1,0,1,12.61,9.52
PRC-01209,USR-0369,north,power_user,web,control,0,1,4,5.73,48.5,4.21,3.46,1,0,0,0,8.73,8.73
PRC-01210,USR-0370,south,price_sensitive,ios,treatment,0,0,5,6.25,49.53,4.28,3.48,1,1,0,1,13.2,9.72
PRC-01211,USR-0371,east,casual,android,control,0,0,1,6.33,20.66,4.28,2.89,1,1,0,1,8.0,5.11
PRC-01212,USR-0372,west,power_user,web,treatment,0,0,2,2.53,23.55,3.87,2.21,1,1,0,1,8.11,5.9
PRC-01213,USR-0373,north,price_sensitive,ios,treatment,1,0,3,2.31,24.98,4.07,2.66,1,0,0,0,4.5,4.5
PRC-01214,USR-0374,south,casual,android,treatment,1,0,4,3.98,30.67,5.14,3.18,1,0,0,0,5.52,5.52
PRC-01215,USR-0375,east,power_user,web,control,0,0,5,4.48,32.31,4.33,3.09,1,1,0,1,10.15,7.06
PRC-01216,USR-0376,west,price_sensitive,ios,treatment,0,0,1,5.56,35.21,3.92,2.72,1,1,0,1,10.26,7.54
PRC-01217,USR-0377,north,casual,android,control,0,1,2,6.0,39.53,4.5,3.22,1,1,0,1,11.62,8.4
PRC-01218,USR-0378,south,power_user,web,control,0,0,3,6.32,41.74,4.39,3.19,1,1,0,1,11.9,8.71
PRC-01219,USR-0379,east,price_sensitive,ios,control,1,0,4,2.59,42.97,4.41,2.87,1,0,0,0,7.73,7.73
PRC-01220,USR-0380,west,casual,android,treatment,1,0,5,2.46,47.4,4.6,2.99,1,0,0,0,8.53,8.53
PRC-01221,USR-0381,north,power_user,web,treatment,0,0,1,3.91,50.92,4.25,2.36,1,0,0,0,9.17,9.17
PRC-01222,USR-0382,south,price_sensitive,ios,treatment,0,0,2,4.65,21.96,3.53,2.67,1,0,0,0,3.95,3.95
PRC-01223,USR-0383,east,casual,android,treatment,0,0,3,4.94,22.35,4.32,2.89,1,1,0,1,8.34,5.45
PRC-01224,USR-0384,west,power_user,web,treatment,0,0,4,5.75,25.86,3.97,3.22,1,1,0,1,8.62,5.4
PRC-01225,USR-0385,north,price_sensitive,ios,control,1,1,5,7.29,28.26,5.76,4.3,1,1,1,0,5.09,5.09
PRC-01226,USR-0386,south,casual,android,control,1,0,1,1.64,32.76,4.14,2.21,1,1,0,1,10.04,7.83
PRC-01227,USR-0387,east,power_user,web,control,0,0,2,3.35,33.66,3.83,2.39,1,1,0,1,9.89,7.5
PRC-01228,USR-0388,west,price_sensitive,ios,treatment,0,0,3,3.95,38.74,3.98,2.67,1,1,0,1,10.95,8.28
PRC-01229,USR-0389,north,casual,android,treatment,0,0,4,4.03,39.69,4.16,2.84,1,0,0,0,7.14,7.14
PRC-01230,USR-0390,south,power_user,web,treatment,0,0,5,4.75,45.08,3.84,3.15,1,1,0,1,11.95,8.8
PRC-01231,USR-0391,east,price_sensitive,ios,treatment,1,0,1,5.85,45.65,4.54,3.14,1,0,0,0,8.22,8.22
PRC-01232,USR-0392,west,casual,android,treatment,1,0,2,7.08,48.35,5.47,3.56,1,1,0,1,14.17,10.61
PRC-01233,USR-0393,north,power_user,web,control,0,1,3,2.42,20.46,3.65,2.58,1,0,0,0,3.68,3.68
PRC-01234,USR-0394,south,price_sensitive,ios,control,0,0,4,2.4,23.67,3.76,2.48,1,0,0,0,4.26,4.26
PRC-01235,USR-0395,east,casual,android,control,0,0,5,3.28,27.13,4.26,2.82,1,1,0,1,9.14,6.32
PRC-01236,USR-0396,west,power_user,web,treatment,0,0,1,4.39,29.15,4.09,2.47,1,0,0,0,5.25,5.25
PRC-01237,USR-0397,north,price_sensitive,ios,treatment,1,0,2,4.74,31.87,4.07,3.04,1,1,0,1,9.81,6.77
PRC-01238,USR-0398,south,casual,android,treatment,1,0,3,5.88,33.8,5.83,3.44,1,1,1,0,6.08,6.08
PRC-01239,USR-0399,east,power_user,web,treatment,0,0,4,7.07,38.71,4.97,3.51,1,1,0,1,11.94,8.43
PRC-01240,USR-0400,west,price_sensitive,ios,treatment,0,0,5,2.12,41.61,3.09,2.57,1,1,0,1,10.58,8.01
PRC-01241,USR-0401,north,casual,android,treatment,0,1,1,3.19,43.27,4.28,2.45,1,1,0,1,12.07,9.62
PRC-01242,USR-0402,south,power_user,web,treatment,0,0,2,3.94,48.32,4.0,2.52,1,1,0,1,12.7,10.18
PRC-01243,USR-0403,east,price_sensitive,ios,treatment,1,0,3,4.74,50.28,4.74,3.19,1,0,0,0,9.05,9.05
PRC-01244,USR-0404,west,casual,android,control,1,0,4,5.06,19.69,4.58,3.41,1,1,0,1,8.12,4.71
PRC-01245,USR-0405,north,power_user,web,treatment,0,0,5,6.69,22.34,4.35,3.57,1,1,0,1,8.37,4.8
PRC-01246,USR-0406,south,price_sensitive,ios,treatment,0,0,1,6.49,27.45,3.63,2.93,1,0,0,0,4.94,4.94
PRC-01247,USR-0407,east,casual,android,treatment,0,0,2,2.43,28.54,3.98,2.18,1,0,0,0,5.14,5.14
PRC-01248,USR-0408,west,power_user,web,control,0,0,3,2.75,30.81,4.05,2.41,1,1,1,0,5.55,5.55
PRC-01249,USR-0409,north,price_sensitive,ios,treatment,1,1,4,3.46,33.94,4.38,3.31,1,1,0,1,10.49,7.18
PRC-01250,USR-0410,south,casual,android,treatment,1,0,5,4.58,39.86,5.52,3.46,1,0,0,0,7.17,7.17
PRC-01251,USR-0411,east,power_user,web,treatment,0,0,1,5.12,41.38,4.07,2.63,1,0,0,0,7.45,7.45
PRC-01252,USR-0412,west,price_sensitive,ios,treatment,0,0,2,6.36,44.55,4.05,3.05,1,1,0,1,12.07,9.02
PRC-01253,USR-0413,north,casual,android,treatment,0,0,3,6.73,47.98,4.19,3.28,1,0,0,0,8.64,8.64
PRC-01254,USR-0414,south,power_user,web,treatment,0,0,4,1.57,48.29,3.97,2.3,1,1,0,1,12.66,10.36
PRC-01255,USR-0415,east,price_sensitive,ios,control,1,0,5,3.01,20.84,4.65,3.11,1,1,0,1,8.4,5.29
PRC-01256,USR-0416,west,casual,android,control,1,0,1,3.63,23.38,5.13,2.65,1,1,0,1,9.34,6.69
PRC-01257,USR-0417,north,power_user,web,treatment,0,1,2,4.05,25.31,4.26,2.79,1,1,0,1,8.82,6.03
PRC-01258,USR-0418,south,price_sensitive,ios,treatment,0,0,3,4.96,28.11,3.76,2.89,1,0,0,0,5.06,5.06
PRC-01259,USR-0419,east,casual,android,treatment,0,0,4,6.64,31.89,4.63,3.41,1,1,0,1,10.37,6.96
PRC-01260,USR-0420,west,power_user,web,treatment,0,0,5,6.48,33.64,4.39,3.53,1,0,0,0,6.06,6.06
PRC-01261,USR-0001,north,price_sensitive,ios,control,1,0,1,2.45,38.1,4.21,2.39,1,0,0,0,6.86,6.86
PRC-01262,USR-0002,south,casual,android,control,1,0,2,3.37,42.43,4.44,2.74,1,0,0,0,7.64,7.64
PRC-01263,USR-0003,east,power_user,web,control,0,0,3,3.52,42.63,4.41,2.57,1,1,0,1,12.08,9.51
PRC-01264,USR-0004,west,price_sensitive,ios,treatment,0,0,4,4.84,48.25,3.74,3.01,1,0,0,0,8.69,8.69
PRC-01265,USR-0005,north,casual,android,treatment,0,1,5,5.31,50.67,4.26,3.52,1,1,0,1,13.38,9.86
PRC-01266,USR-0006,south,power_user,web,treatment,0,0,1,6.46,20.14,4.65,2.92,1,1,0,1,8.28,5.36
PRC-01267,USR-0007,east,price_sensitive,ios,control,1,0,2,7.45,23.79,5.78,3.64,1,0,0,0,4.28,4.28
PRC-01268,USR-0008,west,casual,android,treatment,1,0,3,2.35,27.83,4.83,2.67,1,0,0,0,5.01,5.01
PRC-01269,USR-0009,north,power_user,web,treatment,0,0,4,2.45,29.66,3.83,2.49,1,1,0,1,9.17,6.68
PRC-01270,USR-0010,south,price_sensitive,ios,treatment,0,0,5,3.78,30.79,3.29,2.93,1,1,0,1,8.83,5.9
PRC-01271,USR-0011,east,casual,android,control,0,0,1,4.12,36.78,3.75,2.41,1,0,0,0,6.62,6.62
PRC-01272,USR-0012,west,power_user,web,control,0,0,2,5.77,38.87,4.43,2.92,1,0,0,0,7.0,7.0
PRC-01273,USR-0013,north,price_sensitive,ios,treatment,1,1,3,5.55,40.71,4.86,3.62,1,1,0,1,12.19,8.57
PRC-01274,USR-0014,south,casual,android,control,1,0,4,6.68,45.21,5.07,3.77,1,1,0,1,13.21,9.44
PRC-01275,USR-0015,east,power_user,web,control,0,0,5,1.81,45.6,3.4,2.5,1,1,0,1,11.61,9.11
PRC-01276,USR-0016,west,price_sensitive,ios,control,0,0,1,2.69,50.15,3.5,2.09,1,1,0,1,12.53,10.44
PRC-01277,USR-0017,north,casual,android,control,0,0,2,3.49,20.44,3.96,2.42,1,0,0,0,3.68,3.68
PRC-01278,USR-0018,south,power_user,web,control,0,0,3,4.8,22.61,4.38,2.86,1,1,0,1,8.45,5.59
PRC-01279,USR-0019,east,price_sensitive,ios,control,1,0,4,4.77,25.2,4.92,3.35,1,1,0,1,9.46,6.11
PRC-01280,USR-0020,west,casual,android,control,1,0,5,6.56,28.52,5.06,3.89,1,0,0,0,5.13,5.13
PRC-01281,USR-0021,north,power_user,web,treatment,0,1,1,6.97,31.46,4.85,3.28,1,1,0,1,10.51,7.23
PRC-01282,USR-0022,south,price_sensitive,ios,control,0,0,2,1.74,35.73,4.17,2.03,1,1,0,1,10.6,8.57
PRC-01283,USR-0023,east,casual,android,treatment,0,0,3,2.81,38.28,4.22,2.42,1,1,1,0,6.89,6.89
PRC-01284,USR-0024,west,power_user,web,control,0,0,4,3.45,42.2,4.49,2.71,1,1,0,1,12.09,9.38
PRC-01285,USR-0025,north,price_sensitive,ios,control,1,0,5,4.91,44.29,4.87,3.53,1,1,0,1,12.84,9.31
PRC-01286,USR-0026,south,casual,android,treatment,1,0,1,4.75,46.89,5.41,2.9,1,0,0,0,8.44,8.44
PRC-01287,USR-0027,east,power_user,web,control,0,0,2,5.65,49.38,4.13,2.89,1,1,0,1,13.02,10.13
PRC-01288,USR-0028,west,price_sensitive,ios,control,0,0,3,7.45,21.14,4.62,3.44,1,0,0,0,3.81,3.81
PRC-01289,USR-0029,north,casual,android,control,0,1,4,2.4,22.81,3.83,2.73,1,1,0,1,7.94,5.21
PRC-01290,USR-0030,south,power_user,web,control,0,0,5,3.02,26.41,3.55,2.76,1,0,0,0,4.75,4.75
PRC-01291,USR-0031,east,price_sensitive,ios,treatment,1,0,1,3.67,27.71,4.56,2.66,1,0,0,0,4.99,4.99
PRC-01292,USR-0032,west,casual,android,control,1,0,2,4.74,33.73,5.18,3.04,1,1,0,1,11.25,8.21
PRC-01293,USR-0033,north,power_user,web,treatment,0,0,3,4.74,33.77,4.49,2.84,1,0,0,0,6.08,6.08
PRC-01294,USR-0034,south,price_sensitive,ios,treatment,0,0,4,6.48,37.64,4.35,3.38,1,1,0,1,11.13,7.75
PRC-01295,USR-0035,east,casual,android,treatment,0,0,5,6.31,41.74,4.44,3.49,1,0,0,0,7.51,7.51
PRC-01296,USR-0036,west,power_user,web,control,0,0,1,1.52,42.98,3.52,1.83,1,0,0,0,7.74,7.74
PRC-01297,USR-0037,north,price_sensitive,ios,control,1,1,2,3.04,45.41,4.46,2.92,1,0,0,0,8.17,8.17
PRC-01298,USR-0038,south,casual,android,control,1,0,3,3.54,49.73,4.53,2.93,1,0,0,0,8.95,8.95
PRC-01299,USR-0039,east,power_user,web,treatment,0,0,4,4.14,19.73,4.37,2.86,1,1,0,1,7.92,5.06
PRC-01300,USR-0040,west,price_sensitive,ios,treatment,0,0,5,5.36,23.63,4.0,3.28,1,0,0,0,4.25,4.25
PRC-01301,USR-0041,north,casual,android,treatment,0,0,1,5.58,26.78,4.01,2.73,1,1,0,1,8.83,6.1
PRC-01302,USR-0042,south,power_user,web,treatment,0,0,2,6.93,28.5,4.84,3.17,1,1,0,1,9.97,6.8
PRC-01303,USR-0043,east,price_sensitive,ios,treatment,1,0,3,2.14,33.03,3.7,2.62,1,0,0,0,5.95,5.95
PRC-01304,USR-0044,west,casual,android,control,1,0,4,3.07,36.78,5.04,2.98,1,1,0,1,11.66,8.68
PRC-01305,USR-0045,north,power_user,web,control,0,1,5,3.43,39.88,4.22,3.1,1,1,0,1,11.4,8.3
PRC-01306,USR-0046,south,price_sensitive,ios,treatment,0,0,1,4.17,42.39,3.44,2.42,1,1,0,1,11.07,8.65
PRC-01307,USR-0047,east,casual,android,control,0,0,2,4.8,42.88,4.37,2.71,1,1,0,1,12.09,9.38
PRC-01308,USR-0048,west,power_user,web,treatment,0,0,3,5.59,46.58,4.12,3.03,1,1,0,1,12.5,9.47
PRC-01309,USR-0049,north,price_sensitive,ios,treatment,1,0,4,6.88,48.34,5.06,3.81,1,0,0,0,8.7,8.7
PRC-01310,USR-0050,south,casual,android,treatment,1,0,5,1.8,20.17,4.31,2.85,1,1,0,1,7.94,5.09
PRC-01311,USR-0051,east,power_user,web,control,0,0,1,3.25,23.07,4.42,2.21,1,0,0,0,4.15,4.15
PRC-01312,USR-0052,west,price_sensitive,ios,treatment,0,0,2,3.85,27.47,3.65,2.5,1,1,0,1,8.59,6.09
PRC-01313,USR-0053,north,casual,android,control,0,1,3,4.92,28.8,3.93,3.13,1,1,0,1,9.11,5.98
PRC-01314,USR-0054,south,power_user,web,control,0,0,4,5.45,31.66,4.03,3.15,1,0,0,0,5.7,5.7
PRC-01315,USR-0055,east,price_sensitive,ios,treatment,1,0,5,5.96,34.53,4.25,3.76,1,0,0,0,6.22,6.22
PRC-01316,USR-0056,west,casual,android,control,1,0,1,7.09,38.5,4.93,3.41,1,1,0,1,11.86,8.45
PRC-01317,USR-0057,north,power_user,web,treatment,0,0,2,1.91,41.47,4.08,2.07,1,0,0,0,7.46,7.46
PRC-01318,USR-0058,south,price_sensitive,ios,control,0,0,3,2.53,43.35,3.54,2.36,1,0,0,0,7.8,7.8
PRC-01319,USR-0059,east,casual,android,control,0,0,4,3.33,47.86,4.11,2.68,1,0,0,0,8.61,8.61
PRC-01320,USR-0060,west,power_user,web,control,0,0,5,4.77,49.47,4.25,3.15,1,1,0,1,13.15,10.0
PRC-01321,USR-0061,north,price_sensitive,ios,control,1,1,1,5.22,20.09,5.44,3.25,1,0,0,0,3.62,3.62
PRC-01322,USR-0062,south,casual,android,control,1,0,2,6.43,25.0,4.93,3.41,1,1,0,1,9.43,6.02
PRC-01323,USR-0063,east,power_user,web,control,0,0,3,7.0,24.83,4.86,3.34,1,1,0,1,9.33,5.99
PRC-01324,USR-0064,west,price_sensitive,ios,treatment,0,0,4,2.01,30.71,2.98,2.39,1,1,0,1,8.51,6.12
PRC-01325,USR-0065,north,casual,android,treatment,0,0,5,3.1,31.8,4.07,2.78,1,0,0,0,5.72,5.72
PRC-01326,USR-0066,south,power_user,web,treatment,0,0,1,3.79,34.66,4.44,2.33,1,1,0,1,10.68,8.35
PRC-01327,USR-0067,east,price_sensitive,ios,control,1,0,2,4.85,37.99,4.55,3.07,1,1,1,0,6.84,6.84
PRC-01328,USR-0068,west,casual,android,control,1,0,3,5.45,40.11,4.84,3.35,1,0,0,0,7.22,7.22
PRC-01329,USR-0069,north,power_user,web,treatment,0,1,4,6.39,43.36,4.22,3.61,1,1,0,1,12.02,8.41
PRC-01330,USR-0070,south,price_sensitive,ios,control,0,0,5,6.34,45.36,4.23,3.49,1,1,0,1,12.39,8.9
PRC-01331,USR-0071,east,casual,android,treatment,0,0,1,1.55,50.68,3.2,1.84,1,1,0,1,12.32,10.48
PRC-01332,USR-0072,west,power_user,web,treatment,0,0,2,2.71,21.52,3.88,2.25,1,1,1,0,3.87,3.87
PRC-01333,USR-0073,north,price_sensitive,ios,treatment,1,0,3,3.13,25.09,4.26,2.84,1,1,0,1,8.78,5.94
PRC-01334,USR-0074,south,casual,android,control,1,0,4,4.27,28.08,4.62,3.24,1,0,0,0,5.05,5.05
PRC-01335,USR-0075,east,power_user,web,treatment,0,0,5,5.87,30.99,4.84,3.39,1,0,0,0,5.58,5.58
PRC-01336,USR-0076,west,price_sensitive,ios,treatment,0,0,1,5.67,30.83,4.29,2.75,1,0,0,0,5.55,5.55
PRC-01337,USR-0077,north,casual,android,control,0,1,2,6.75,34.82,4.74,3.38,1,0,0,0,6.27,6.27
PRC-01338,USR-0078,south,power_user,web,control,0,0,3,2.24,36.56,3.56,2.29,1,1,0,1,10.14,7.85
PRC-01339,USR-0079,east,price_sensitive,ios,control,1,0,4,3.25,39.49,5.01,3.02,1,0,0,0,7.11,7.11
PRC-01340,USR-0080,west,casual,android,treatment,1,0,5,3.35,45.3,4.57,3.19,1,1,0,1,12.72,9.53
PRC-01341,USR-0081,north,power_user,web,control,0,0,1,4.8,46.88,4.43,2.56,1,1,0,1,12.87,10.31
PRC-01342,USR-0082,south,price_sensitive,ios,control,0,0,2,5.15,49.13,4.54,2.78,1,0,0,0,8.84,8.84
PRC-01343,USR-0083,east,casual,android,control,0,0,3,5.98,19.94,4.9,3.12,1,0,0,0,3.59,3.59
PRC-01344,USR-0084,west,power_user,web,control,0,0,4,6.54,22.67,4.94,3.39,1,1,0,1,9.02,5.63
PRC-01345,USR-0085,north,price_sensitive,ios,treatment,1,1,5,2.62,26.8,3.9,3.28,1,0,0,0,4.82,4.82
PRC-01346,USR-0086,south,casual,android,control,1,0,1,2.83,27.99,4.47,2.47,1,0,0,0,5.04,5.04
PRC-01347,USR-0087,east,power_user,web,control,0,0,2,3.61,32.77,4.06,2.44,1,1,0,1,9.96,7.52
PRC-01348,USR-0088,west,price_sensitive,ios,control,0,0,3,4.12,34.84,3.94,2.71,1,0,0,0,6.27,6.27
PRC-01349,USR-0089,north,casual,android,control,0,0,4,5.71,36.69,4.48,3.21,1,0,0,0,6.6,6.6
PRC-01350,USR-0090,south,power_user,web,treatment,0,0,5,5.62,42.54,3.97,3.34,1,1,0,1,11.63,8.29
PRC-01351,USR-0091,east,price_sensitive,ios,control,1,0,1,6.66,43.35,5.57,3.32,1,0,0,0,7.8,7.8
PRC-01352,USR-0092,west,casual,android,control,1,0,2,2.7,47.57,5.02,2.59,1,0,0,0,8.56,8.56
PRC-01353,USR-0093,north,power_user,web,treatment,0,1,3,2.31,51.19,3.58,2.56,1,0,0,0,9.21,9.21
PRC-01354,USR-0094,south,price_sensitive,ios,treatment,0,0,4,3.59,20.41,3.61,2.74,1,0,0,0,3.67,3.67
PRC-01355,USR-0095,east,casual,android,control,0,0,5,4.81,23.69,3.99,3.16,1,1,0,1,8.25,5.09
PRC-01356,USR-0096,west,power_user,web,treatment,0,0,1,5.32,26.46,4.55,2.67,1,0,0,0,4.76,4.76
PRC-01357,USR-0097,north,price_sensitive,ios,treatment,1,0,2,6.45,29.31,4.53,3.42,1,1,0,1,9.81,6.39
PRC-01358,USR-0098,south,casual,android,treatment,1,0,3,6.84,31.33,5.62,3.65,1,1,0,1,11.26,7.61
PRC-01359,USR-0099,east,power_user,web,control,0,0,4,1.51,36.8,3.99,2.28,1,0,0,0,6.62,6.62
PRC-01360,USR-0100,west,price_sensitive,ios,control,0,0,5,3.12,37.87,3.91,2.79,1,0,0,0,6.82,6.82
PRC-01361,USR-0101,north,casual,android,treatment,0,1,1,3.13,40.44,4.16,2.44,1,0,0,0,7.28,7.28
PRC-01362,USR-0102,south,power_user,web,control,0,0,2,4.3,45.53,4.33,2.6,1,1,0,1,12.53,9.93
PRC-01363,USR-0103,east,price_sensitive,ios,treatment,1,0,3,4.95,48.53,4.33,3.24,1,0,0,0,8.74,8.74
PRC-01364,USR-0104,west,casual,android,control,1,0,4,6.18,48.38,5.16,3.66,1,0,0,0,8.71,8.71
PRC-01365,USR-0105,north,power_user,web,control,0,0,5,6.96,19.37,4.27,3.63,1,0,0,0,3.49,3.49
PRC-01366,USR-0106,south,price_sensitive,ios,control,0,0,1,1.58,22.55,4.14,1.85,1,1,0,1,8.2,6.35
PRC-01367,USR-0107,east,casual,android,treatment,0,0,2,2.37,25.04,3.78,2.17,1,1,0,1,8.29,6.12
PRC-01368,USR-0108,west,power_user,web,control,0,0,3,3.23,28.25,4.05,2.51,1,1,0,1,9.13,6.62
PRC-01369,USR-0109,north,price_sensitive,ios,treatment,1,1,4,4.06,33.63,4.01,3.44,1,1,0,1,10.06,6.62
PRC-01370,USR-0110,south,casual,android,control,1,0,5,5.83,35.61,5.22,3.73,1,1,0,1,11.63,7.9
PRC-01371,USR-0111,east,power_user,web,control,0,0,1,5.67,36.43,4.07,2.75,1,1,0,1,10.63,7.88
PRC-01372,USR-0112,west,price_sensitive,ios,treatment,0,0,2,7.36,42.49,4.18,3.27,1,0,0,0,7.65,7.65
PRC-01373,USR-0113,north,casual,android,treatment,0,0,3,2.56,43.21,3.76,2.36,1,0,0,0,7.78,7.78
PRC-01374,USR-0114,south,power_user,web,treatment,0,0,4,3.04,46.14,4.17,2.62,1,1,0,1,12.48,9.86
PRC-01375,USR-0115,east,price_sensitive,ios,treatment,1,0,5,3.65,50.57,4.57,3.25,1,1,0,1,13.67,10.42
PRC-01376,USR-0116,west,casual,android,control,1,0,1,4.19,22.31,5.18,2.77,1,1,0,1,9.2,6.43
PRC-01377,USR-0117,north,power_user,web,control,0,1,2,5.54,25.11,4.64,3.12,1,1,0,1,9.16,6.04
PRC-01378,USR-0118,south,price_sensitive,ios,treatment,0,0,3,6.69,26.73,3.71,3.27,1,1,0,1,8.52,5.25
PRC-01379,USR-0119,east,casual,android,control,0,0,4,6.6,29.28,4.63,3.4,1,1,0,1,9.9,6.5
PRC-01380,USR-0120,west,power_user,web,treatment,0,0,5,1.96,33.22,3.91,2.53,1,0,0,0,5.98,5.98
PRC-01381,USR-0121,north,price_sensitive,ios,control,1,0,1,2.44,33.54,4.9,2.39,1,1,0,1,10.94,8.55
PRC-01382,USR-0122,south,casual,android,control,1,0,2,3.76,36.64,4.53,2.83,1,0,0,0,6.6,6.6
PRC-01383,USR-0123,east,power_user,web,control,0,0,3,4.91,42.17,4.03,2.88,1,1,0,1,11.62,8.74
PRC-01384,USR-0124,west,price_sensitive,ios,control,0,0,4,5.17,44.07,3.99,3.09,1,0,0,0,7.93,7.93
PRC-01385,USR-0125,north,casual,android,treatment,0,1,5,5.93,45.64,4.15,3.65,1,1,0,1,12.37,8.72
PRC-01386,USR-0126,south,power_user,web,control,0,0,1,7.3,50.44,5.03,3.11,1,0,0,0,9.08,9.08
PRC-01387,USR-0127,east,price_sensitive,ios,treatment,1,0,2,1.97,22.14,3.72,2.43,1,1,1,0,3.99,3.99
PRC-01388,USR-0128,west,casual,android,treatment,1,0,3,3.41,24.58,4.84,2.9,1,1,0,1,9.26,6.36
PRC-01389,USR-0129,north,power_user,web,control,0,0,4,3.5,28.26,3.79,2.72,1,0,0,0,5.09,5.09
PRC-01390,USR-0130,south,price_sensitive,ios,control,0,0,5,4.86,30.79,4.61,3.17,1,1,0,1,10.15,6.98
PRC-01391,USR-0131,east,casual,android,control,0,0,1,5.09,30.98,4.41,2.62,1,1,0,1,9.99,7.37
PRC-01392,USR-0132,west,power_user,web,treatment,0,0,2,5.64,36.79,4.1,2.89,1,1,0,1,10.72,7.83
PRC-01393,USR-0133,north,price_sensitive,ios,control,1,1,3,6.77,37.51,5.27,3.89,1,1,0,1,12.02,8.13
PRC-01394,USR-0134,south,casual,android,treatment,1,0,4,1.58,40.59,4.37,2.65,1,1,0,1,11.68,9.03
PRC-01395,USR-0135,east,power_user,web,treatment,0,0,5,2.94,42.56,4.31,2.75,1,0,0,0,7.66,7.66
PRC-01396,USR-0136,west,price_sensitive,ios,control,0,0,1,3.82,48.46,4.56,2.34,1,0,0,0,8.72,8.72
PRC-01397,USR-0137,north,casual,android,treatment,0,0,2,4.73,51.4,4.04,2.69,1,0,0,0,9.25,9.25
PRC-01398,USR-0138,south,power_user,web,treatment,0,0,3,5.72,20.11,4.35,3.06,1,1,0,1,7.97,4.91
PRC-01399,USR-0139,east,price_sensitive,ios,treatment,1,0,4,6.27,23.24,4.43,3.68,1,0,0,0,4.18,4.18
PRC-01400,USR-0140,west,casual,android,treatment,1,0,5,7.04,25.61,5.96,4.0,1,1,0,1,10.57,6.57
PRC-01401,USR-0141,north,power_user,web,treatment,0,1,1,1.57,29.87,3.51,2.1,1,1,0,1,8.89,6.79
PRC-01402,USR-0142,south,price_sensitive,ios,control,0,0,2,3.41,30.73,4.14,2.4,1,0,0,0,5.53,5.53
PRC-01403,USR-0143,east,casual,android,treatment,0,0,3,3.43,34.65,4.09,2.55,1,0,0,0,6.24,6.24
PRC-01404,USR-0144,west,power_user,web,treatment,0,0,4,4.68,39.82,3.99,2.98,1,1,0,1,11.16,8.18
PRC-01405,USR-0145,north,price_sensitive,ios,control,1,0,5,5.35,40.15,5.42,3.63,1,0,0,0,7.23,7.23
PRC-01406,USR-0146,south,casual,android,control,1,0,1,6.36,44.61,5.33,3.25,1,1,0,1,13.36,10.11
PRC-01407,USR-0147,east,power_user,web,control,0,0,2,7.34,45.12,4.37,3.26,1,1,0,1,12.49,9.23
PRC-01408,USR-0148,west,price_sensitive,ios,control,0,0,3,1.61,48.71,3.81,2.15,1,0,0,0,8.77,8.77
PRC-01409,USR-0149,north,casual,android,treatment,0,1,4,2.39,19.83,3.97,2.73,1,1,0,1,7.54,4.81
PRC-01410,USR-0150,south,power_user,web,control,0,0,5,3.4,22.52,3.86,2.85,1,1,0,1,7.91,5.06
PRC-01411,USR-0151,east,price_sensitive,ios,control,1,0,1,4.0,27.53,5.24,2.73,1,1,0,1,10.2,7.47
PRC-01412,USR-0152,west,casual,android,control,1,0,2,5.58,29.47,5.33,3.23,1,0,0,0,5.3,5.3
PRC-01413,USR-0153,north,power_user,web,treatment,0,0,3,5.96,30.67,4.73,3.11,1,0,0,0,5.52,5.52
PRC-01414,USR-0154,south,price_sensitive,ios,treatment,0,0,4,6.48,35.58,4.26,3.38,1,1,0,1,10.66,7.28
PRC-01415,USR-0155,east,casual,android,control,0,0,5,2.23,37.71,3.46,2.59,1,1,0,1,10.25,7.66
PRC-01416,USR-0156,west,power_user,web,control,0,0,1,2.32,39.96,3.86,2.01,1,0,0,0,7.19,7.19
PRC-01417,USR-0157,north,price_sensitive,ios,control,1,1,2,4.23,45.44,5.27,3.18,1,1,0,1,13.45,10.27
PRC-01418,USR-0158,south,casual,android,treatment,1,0,3,4.39,47.16,4.72,3.12,1,0,0,0,8.49,8.49
PRC-01419,USR-0159,east,power_user,web,control,0,0,4,4.93,49.98,4.27,3.03,1,1,0,1,13.27,10.24
PRC-01420,USR-0160,west,price_sensitive,ios,treatment,0,0,5,6.09,20.78,4.16,3.44,1,0,0,0,3.74,3.74
PRC-01421,USR-0161,north,casual,android,treatment,0,0,1,7.18,25.14,4.4,3.08,1,1,0,1,8.93,5.85
PRC-01422,USR-0162,south,power_user,web,treatment,0,0,2,2.34,27.17,3.89,2.16,1,1,0,1,8.78,6.62
PRC-01423,USR-0163,east,price_sensitive,ios,treatment,1,0,3,3.02,28.59,4.49,2.81,1,0,0,0,5.15,5.15
PRC-01424,USR-0164,west,casual,android,control,1,0,4,3.87,33.3,5.16,3.15,1,1,0,1,11.15,8.0
PRC-01425,USR-0165,north,power_user,web,treatment,0,1,5,4.13,35.31,4.01,3.26,1,0,0,0,6.36,6.36
PRC-01426,USR-0166,south,price_sensitive,ios,control,0,0,1,5.86,37.46,4.64,2.79,1,1,0,1,11.38,8.59
PRC-01427,USR-0167,east,casual,android,control,0,0,2,6.37,42.37,4.22,3.05,1,0,0,0,7.63,7.63
PRC-01428,USR-0168,west,power_user,web,treatment,0,0,3,6.47,43.41,4.73,3.22,1,0,0,0,7.81,7.81
PRC-01429,USR-0169,north,price_sensitive,ios,control,1,0,4,2.68,46.18,4.86,2.89,1,1,1,0,8.31,8.31
PRC-01430,USR-0170,south,casual,android,treatment,1,0,5,3.09,49.84,5.11,3.13,1,1,0,1,14.08,10.95
PRC-01431,USR-0171,east,power_user,web,treatment,0,0,1,3.32,19.69,4.34,2.23,1,1,0,1,7.88,5.65
PRC-01432,USR-0172,west,price_sensitive,ios,control,0,0,2,4.12,22.11,4.41,2.56,1,1,0,1,8.39,5.83
PRC-01433,USR-0173,north,casual,android,control,0,1,3,5.45,26.99,4.75,3.25,1,1,0,1,9.61,6.36
PRC-01434,USR-0174,south,power_user,web,control,0,0,4,5.91,28.67,4.58,3.25,1,1,0,1,9.74,6.49
PRC-01435,USR-0175,east,price_sensitive,ios,control,1,0,5,7.2,30.81,4.94,4.03,1,0,0,0,5.55,5.55
PRC-01436,USR-0176,west,casual,android,treatment,1,0,1,2.13,33.84,4.28,2.32,1,0,0,0,6.09,6.09
PRC-01437,USR-0177,north,power_user,web,treatment,0,0,2,3.42,39.06,3.93,2.4,1,1,0,1,10.96,8.56
PRC-01438,USR-0178,south,price_sensitive,ios,control,0,0,3,4.3,42.42,4.5,2.75,1,0,0,0,7.64,7.64
PRC-01439,USR-0179,east,casual,android,treatment,0,0,4,3.97,43.52,3.93,2.82,1,1,0,1,11.76,8.94
PRC-01440,USR-0180,west,power_user,web,control,0,0,5,5.57,47.54,4.79,3.33,1,1,0,1,13.35,10.02
PRC-01441,USR-0181,north,price_sensitive,ios,treatment,1,1,1,6.34,48.98,4.96,3.49,1,1,0,1,13.78,10.29
PRC-01442,USR-0182,south,casual,android,treatment,1,0,2,6.8,20.66,5.28,3.5,1,0,0,0,3.72,3.72
PRC-01443,USR-0183,east,power_user,web,treatment,0,0,3,1.52,24.74,3.49,2.13,1,1,0,1,7.94,5.81
PRC-01444,USR-0184,west,price_sensitive,ios,control,0,0,4,3.03,26.36,3.9,2.62,1,0,0,0,4.74,4.74
PRC-01445,USR-0185,north,casual,android,control,0,0,5,4.22,29.2,4.59,3.03,1,0,0,0,5.26,5.26
PRC-01446,USR-0186,south,power_user,web,treatment,0,0,1,4.78,33.77,4.01,2.55,1,1,0,1,10.09,7.54
PRC-01447,USR-0187,east,price_sensitive,ios,treatment,1,0,2,5.73,35.5,4.58,3.26,1,1,0,1,10.97,7.71
PRC-01448,USR-0188,west,casual,android,control,1,0,3,6.16,38.76,5.54,3.51,1,1,0,1,12.52,9.01
PRC-01449,USR-0189,north,power_user,web,control,0,1,4,6.59,41.62,4.37,3.65,1,0,0,0,7.49,7.49
PRC-01450,USR-0190,south,price_sensitive,ios,treatment,0,0,5,2.02,42.51,3.45,2.54,1,1,0,1,11.1,8.56
PRC-01451,USR-0191,east,casual,android,treatment,0,0,1,2.56,47.78,3.58,2.06,1,1,0,1,12.18,10.12
PRC-01452,USR-0192,west,power_user,web,control,0,0,2,3.74,48.48,4.32,2.47,1,1,0,1,13.05,10.58
PRC-01453,USR-0193,north,price_sensitive,ios,treatment,1,0,3,4.82,22.26,4.5,3.21,1,0,0,0,4.01,4.01
PRC-01454,USR-0194,south,casual,android,control,1,0,4,5.58,24.41,4.99,3.53,1,0,0,0,4.39,4.39
PRC-01455,USR-0195,east,power_user,web,treatment,0,0,5,6.47,27.8,4.26,3.52,1,1,0,1,9.26,5.74
PRC-01456,USR-0196,west,price_sensitive,ios,control,0,0,1,7.42,30.29,5.0,3.13,1,1,0,1,10.45,7.32
PRC-01457,USR-0197,north,casual,android,treatment,0,1,2,2.19,33.94,3.29,2.38,1,1,0,1,9.4,7.02
PRC-01458,USR-0198,south,power_user,web,treatment,0,0,3,2.68,36.93,3.7,2.39,1,0,0,0,6.65,6.65
PRC-01459,USR-0199,east,price_sensitive,ios,treatment,1,0,4,3.82,38.22,3.98,3.14,1,1,0,1,10.86,7.72
PRC-01460,USR-0200,west,casual,android,control,1,0,5,5.03,39.81,5.3,3.56,1,1,0,1,12.47,8.91
PRC-01461,USR-0201,north,power_user,web,treatment,0,0,1,5.5,42.71,4.6,2.71,1,0,0,0,7.69,7.69
PRC-01462,USR-0202,south,price_sensitive,ios,treatment,0,0,2,6.69,46.18,3.76,3.12,1,0,0,0,8.31,8.31
PRC-01463,USR-0203,east,casual,android,treatment,0,0,3,7.29,49.67,4.65,3.4,1,0,0,0,8.94,8.94
PRC-01464,USR-0204,west,power_user,web,control,0,0,4,1.9,22.43,4.08,2.37,1,1,0,1,8.12,5.75
PRC-01465,USR-0205,north,price_sensitive,ios,treatment,1,1,5,2.36,24.35,4.29,3.22,1,1,0,1,8.67,5.45
PRC-01466,USR-0206,south,casual,android,control,1,0,1,3.89,28.25,5.1,2.71,1,0,0,0,5.08,5.08
PRC-01467,USR-0207,east,power_user,web,treatment,0,0,2,4.71,28.88,4.63,2.69,1,0,0,0,5.2,5.2
PRC-01468,USR-0208,west,price_sensitive,ios,control,0,0,3,5.04,32.45,4.52,2.91,1,1,0,1,10.36,7.45
PRC-01469,USR-0209,north,casual,android,control,0,0,4,6.4,33.96,4.66,3.36,1,0,0,0,6.11,6.11
PRC-01470,USR-0210,south,power_user,web,treatment,0,0,5,6.85,38.88,4.27,3.61,1,1,0,1,11.27,7.66
PRC-01471,USR-0211,east,price_sensitive,ios,control,1,0,1,1.76,39.81,4.63,2.24,1,0,0,0,7.17,7.17
PRC-01472,USR-0212,west,casual,android,control,1,0,2,2.99,44.74,4.79,2.66,1,0,0,0,8.05,8.05
PRC-01473,USR-0213,north,power_user,web,control,0,1,3,3.61,48.43,4.4,2.84,1,0,0,0,8.72,8.72
PRC-01474,USR-0214,south,price_sensitive,ios,control,0,0,4,4.12,51.41,3.78,2.86,1,0,0,0,9.25,9.25
PRC-01475,USR-0215,east,casual,android,treatment,0,0,5,5.86,21.08,4.51,3.39,1,1,1,0,3.79,3.79
PRC-01476,USR-0216,west,power_user,web,control,0,0,1,6.33,23.61,4.99,2.89,1,0,0,0,4.25,4.25
PRC-01477,USR-0217,north,price_sensitive,ios,control,1,0,2,7.25,27.22,5.54,3.6,1,0,0,0,4.9,4.9
PRC-01478,USR-0218,south,casual,android,treatment,1,0,3,1.83,29.98,4.81,2.55,1,1,0,1,10.21,7.66
PRC-01479,USR-0219,east,power_user,web,control,0,0,4,3.1,32.31,4.01,2.63,1,1,0,1,9.83,7.2
PRC-01480,USR-0220,west,price_sensitive,ios,treatment,0,0,5,3.99,34.46,3.87,2.98,1,1,0,1,10.07,7.09
PRC-01481,USR-0221,north,casual,android,treatment,0,1,1,4.59,37.92,3.81,2.76,1,1,0,1,10.64,7.88
PRC-01482,USR-0222,south,power_user,web,treatment,0,0,2,5.68,39.95,3.93,2.9,1,1,0,1,11.12,8.22
PRC-01483,USR-0223,east,price_sensitive,ios,treatment,1,0,3,6.12,43.91,4.72,3.5,1,0,0,0,7.9,7.9
PRC-01484,USR-0224,west,casual,android,treatment,1,0,4,7.2,45.53,6.06,3.88,1,0,0,0,8.2,8.2
PRC-01485,USR-0225,north,power_user,web,control,0,0,5,1.72,50.1,3.8,2.48,1,0,0,0,9.02,9.02
PRC-01486,USR-0226,south,price_sensitive,ios,control,0,0,1,2.55,19.45,3.59,2.06,1,0,0,0,3.5,3.5
PRC-01487,USR-0227,east,casual,android,treatment,0,0,2,4.28,22.02,4.12,2.59,1,1,0,1,8.08,5.49
PRC-01488,USR-0228,west,power_user,web,control,0,0,3,3.9,28.11,3.96,2.66,1,0,0,0,5.06,5.06
PRC-01489,USR-0229,north,price_sensitive,ios,treatment,1,1,4,5.49,30.44,4.48,3.76,1,0,0,0,5.48,5.48
PRC-01490,USR-0230,south,casual,android,treatment,1,0,5,6.68,32.43,5.41,3.92,1,0,0,0,5.84,5.84
PRC-01491,USR-0231,east,power_user,web,control,0,0,1,7.28,33.85,4.51,3.1,1,1,0,1,10.6,7.5
PRC-01492,USR-0232,west,price_sensitive,ios,treatment,0,0,2,2.22,39.75,3.03,2.14,1,1,0,1,10.18,8.04
PRC-01493,USR-0233,north,casual,android,treatment,0,0,3,2.61,39.56,3.7,2.37,1,0,0,0,7.12,7.12
PRC-01494,USR-0234,south,power_user,web,control,0,0,4,3.41,42.49,3.99,2.7,1,0,0,0,7.65,7.65
PRC-01495,USR-0235,east,price_sensitive,ios,treatment,1,0,5,4.78,45.35,4.85,3.5,1,0,0,0,8.16,8.16
PRC-01496,USR-0236,west,casual,android,control,1,0,1,5.49,49.3,5.37,3.06,1,0,0,0,8.87,8.87
PRC-01497,USR-0237,north,power_user,web,control,0,1,2,6.69,19.54,4.58,3.37,1,1,0,1,8.1,4.73
PRC-01498,USR-0238,south,price_sensitive,ios,control,0,0,3,6.43,22.34,4.64,3.21,1,1,0,1,8.66,5.45
PRC-01499,USR-0239,east,casual,android,control,0,0,4,1.83,25.97,4.1,2.35,1,1,1,0,4.67,4.67
PRC-01500,USR-0240,west,power_user,web,control,0,0,5,2.75,31.09,3.58,2.71,1,0,0,0,5.6,5.6
